policy,task,block_index,seed,mode,status,success,action_calls,step_limit,termination,instruction,origin,record_path,record_sha256
xvla,place_relative,0,100007,front,failure,0,400,400,action_limit,Use the right arm to grab the black remotecontrol and place it in front of the red tea-box,reused,xvla/place_relative/place_relative_ep100007_result.json,932b102948e51bc54fafe30e620ff8c6d7c7e8ce114a1de2436c2b95af5a4b4a
xvla,place_relative,0,100008,back,failure,0,400,400,action_limit,Pick up the black remotecontrol and move it behind the red tea-box,reused,xvla/place_relative/place_relative_ep100008_result.json,1e44912e049013a56b66669e25034619217dda0d84caa13c3433ddf1ec524092
xvla,place_relative,1,100012,front,failure,0,400,400,action_limit,Grab the red can and set it in front of the red tea-box,reused,xvla/place_relative/place_relative_ep100012_result.json,048e1d6ced5168a1272a3a744b840eda8356f6f571bb56eefd4e87ff9493c2c9
xvla,place_relative,1,100013,back,failure,0,400,400,action_limit,Grab the red can and set it behind the red tea-box,reused,xvla/place_relative/place_relative_ep100013_result.json,fadeaab7fd9cce08cec2cfb08cbef05e109de81e590c36f748cdfe51d9bdc299
xvla,place_relative,2,100017,front,failure,0,400,400,action_limit,Lift the blue soap and set it in front of the red tea-box,reused,xvla/place_relative/place_relative_ep100017_result.json,116e07eb97ec81211f3beea1e500cc1a7ed7b20127051794175d5c39131584a9
xvla,place_relative,2,100018,back,failure,0,400,400,action_limit,Pick up the blue soap and move it behind the red tea-box,reused,xvla/place_relative/place_relative_ep100018_result.json,f6c7256dfeacce4f4658af539cd8e706c11058c4153df16e9282453d964f0166
xvla,place_relative,3,100022,front,failure,0,400,400,action_limit,Relocate the gray mouse in front of the brown coffee-box,reused,xvla/place_relative/place_relative_ep100022_result.json,b0455538138c5a99faa72675e49452292b030ed2dcaf1cc79031c64233d87b5b
xvla,place_relative,3,100023,back,failure,0,400,400,action_limit,Use the left arm to grab the gray mouse and place it behind the brown coffee-box,reused,xvla/place_relative/place_relative_ep100023_result.json,b84ff627a438d1586063e94de696bf45b72943388657c63f7adc18f3a5153a1e
xvla,place_relative,4,100027,front,failure,0,400,400,action_limit,Use the left arm to grab the green toycar and place it in front of the brown coffee-box,reused,xvla/place_relative/place_relative_ep100027_result.json,ab3efe43c002bd03468589020ba45ef16ec7c9fa080b821738aa2ca32960b3a5
xvla,place_relative,4,100028,back,failure,0,400,400,action_limit,Grab the green toycar and set it behind the brown coffee-box,reused,xvla/place_relative/place_relative_ep100028_result.json,bf6569030879abdafd2ece9c8f7254c1ec3a837cd7cf336cc16776b62eb48b3f
xvla,place_relative,5,100032,front,failure,0,400,400,action_limit,Grab the red stapler and set it in front of the brown coffee-box,reused,xvla/place_relative/place_relative_ep100032_result.json,b4120a09d6b26014b618001c2c71e222852facbaa0b1873485bfc186b71e03c4
xvla,place_relative,5,100033,back,failure,0,400,400,action_limit,"Use the right arm to pick up the red stapler, set it behind the brown coffee-box",reused,xvla/place_relative/place_relative_ep100033_result.json,a82b57ef1136f314aa21278039b708ea092bbe4ac387bfb4de9d95cf489733f3
xvla,place_relative,6,100042,front,failure,0,400,400,action_limit,"Use the left arm to pick up the red can, set it in front of the brown coffee-box",reused,xvla/place_relative/place_relative_ep100042_result.json,288c43065b1974001521d785c5f37122e6ca1d2d6837ab663376eb1a2c8eae25
xvla,place_relative,6,100043,back,failure,0,400,400,action_limit,Use the left arm to grab the red can and place it behind the brown coffee-box,reused,xvla/place_relative/place_relative_ep100043_result.json,4f8bb0e67dad75b06dded488f04620ddc1ecd7e8212c784be8c1617181acf7c1
xvla,place_relative,7,100047,front,failure,0,400,400,action_limit,Use the left arm to grab the blue soap and place it in front of the brown coffee-box,reused,xvla/place_relative/place_relative_ep100047_result.json,9ec0780ab8b2fd9de5e4d501db4234bdb4cfbb2639290495efa39b0d4944269e
xvla,place_relative,7,100048,back,failure,0,400,400,action_limit,Grab the blue soap and set it behind the brown coffee-box,reused,xvla/place_relative/place_relative_ep100048_result.json,c8eedb76f13af35ef4e39120eb1a6f2e6a0593e9b491e3509a9fcfdf0dbeb181
xvla,place_relative,8,100052,front,failure,0,400,400,action_limit,Use the right arm to grab the gray mouse and place it in front of the red tea-box,reused,xvla/place_relative/place_relative_ep100052_result.json,1703eff1ec6da089d3ba3fd603aede83d7590f6d59501282391606b158b7cfde
xvla,place_relative,8,100053,back,failure,0,400,400,action_limit,Use the right arm to grab the gray mouse and place it behind the red tea-box,reused,xvla/place_relative/place_relative_ep100053_result.json,9fa24cb990b87b6b59d997249d57c9ef3f34644e8708f96bcdb9b64d99bb6eaa
xvla,place_relative,9,100057,front,failure,0,400,400,action_limit,"Use the left arm to pick up the green toycar, set it in front of the red tea-box",reused,xvla/place_relative/place_relative_ep100057_result.json,e1fce52f3fd2b897e2e95e02fff5a7d87d7a3dfda11557c789bd0b301115fce4
xvla,place_relative,9,100058,back,failure,0,400,400,action_limit,Use the left arm to grab the green toycar and place it behind the red tea-box,reused,xvla/place_relative/place_relative_ep100058_result.json,75639f5bf8f418b0acfc540cdbe79d5e844bdd64f1cc8f7bc5b70fbed38f3819
xvla,place_relative,10,100062,front,failure,0,400,400,action_limit,Relocate the red stapler in front of the red tea-box,reused,xvla/place_relative/place_relative_ep100062_result.json,ffbdb24d8f59f5583cacfde6bd98ab1fd0f77efa2615d68edc7495dce42de9ad
xvla,place_relative,10,100063,back,failure,0,400,400,action_limit,"Use the left arm to pick up the red stapler, set it behind the red tea-box",reused,xvla/place_relative/place_relative_ep100063_result.json,51b5f7eeb6b098a2c6c2ecfd3b06c9a215fe3ff52ae70af5fc9752a89e13a951
xvla,place_relative,11,100067,front,failure,0,400,400,action_limit,Pick up the black remotecontrol and move it in front of the red tea-box,reused,xvla/place_relative/place_relative_ep100067_result.json,3de04a763520f43afb86f0229b53ec9eea0ea2fe6e0d1e73dc607f98ea2fe0ca
xvla,place_relative,11,100068,back,failure,0,400,400,action_limit,Use the left arm to grab the black remotecontrol and place it behind the red tea-box,reused,xvla/place_relative/place_relative_ep100068_result.json,ed769e42e9c7f130dc237627f501fd2c1d79359e89bc07aaca2fde98ffe3e865
xvla,place_relative,12,100072,front,failure,0,400,400,action_limit,Grab the red can and set it in front of the red tea-box,new,xvla/place_relative/place_relative_ep100072_result.json,8449be0a66432cea78311d3750bcc2fd5b3114965906c8b1125673a28b339a97
xvla,place_relative,12,100073,back,failure,0,400,400,action_limit,Lift the red can and set it behind the red tea-box,new,xvla/place_relative/place_relative_ep100073_result.json,d8723fe81b3c55169f525f05bd323cd67b28dd09e3992f5a2f3feacf30b5a0f4
xvla,place_relative,13,100077,front,failure,0,400,400,action_limit,Lift the blue soap and set it in front of the red tea-box,new,xvla/place_relative/place_relative_ep100077_result.json,fbb8788846b5498c508b0c72019c6a7e24f849068c6a806e9c11060b8a9dde60
xvla,place_relative,13,100078,back,failure,0,400,400,action_limit,Pick up the blue soap and move it behind the red tea-box,new,xvla/place_relative/place_relative_ep100078_result.json,0c01b04278ace4790125fa6b5ad682cd7298375b306c4663b91372fe4bc8d535
xvla,place_relative,14,100082,front,failure,0,400,400,action_limit,"Use the left arm to pick up the gray mouse, set it in front of the brown coffee-box",new,xvla/place_relative/place_relative_ep100082_result.json,b8a0d60480e7848c1cff470fe49a7713c9fc4d38a55cc4b472084c5958a12855
xvla,place_relative,14,100083,back,failure,0,400,400,action_limit,Use the left arm to grab the gray mouse and place it behind the brown coffee-box,new,xvla/place_relative/place_relative_ep100083_result.json,5c2dec8955aac1e5b9d00bb687d6c34d37de84f16a50baf4dec6a0e1ed4d99ec
xvla,place_relative,15,100087,front,failure,0,400,400,action_limit,Grab the green toycar and set it in front of the brown coffee-box,new,xvla/place_relative/place_relative_ep100087_result.json,bbe77a7d1880f5779f29071536a2e71c70a17b26ac8e4c4cc9d7a8f477b8ba91
xvla,place_relative,15,100088,back,failure,0,400,400,action_limit,Pick up the green toycar and move it behind the brown coffee-box,new,xvla/place_relative/place_relative_ep100088_result.json,48864fe3595064f0029701fdeec45abba03407a3393131b3e41e69cc643c0a0f
xvla,place_relative,16,100097,front,failure,0,400,400,action_limit,Lift the black remotecontrol and set it in front of the brown coffee-box,new,xvla/place_relative/place_relative_ep100097_result.json,033b7fae7087f7c0db1fab9221269b38fdd9df39ff79a07613b4c5fc23d93e74
xvla,place_relative,16,100098,back,failure,0,400,400,action_limit,Use the right arm to grab the black remotecontrol and place it behind the brown coffee-box,new,xvla/place_relative/place_relative_ep100098_result.json,5312a7803d704f44553852b80d1910e620445b6cc3d183872c5ab8c1f6eb794a
xvla,place_relative,17,100102,front,failure,0,400,400,action_limit,Use the right arm to grab the red can and place it in front of the brown coffee-box,new,xvla/place_relative/place_relative_ep100102_result.json,c83aa8ed714b37e1f388d3ca90d683ec0efde811f8a2bb6f35b50c9c0c5bbd8b
xvla,place_relative,17,100103,back,failure,0,400,400,action_limit,Pick up the red can and move it behind the brown coffee-box,new,xvla/place_relative/place_relative_ep100103_result.json,97a231c5f1f60494b038c09f169aa846b9ffe4cdd7f156127070fa6b4ca402c9
xvla,place_relative,18,100107,front,failure,0,400,400,action_limit,Use the right arm to grab the blue soap and place it in front of the brown coffee-box,new,xvla/place_relative/place_relative_ep100107_result.json,2f5baaf67c7a80f241ccc27c16abfb283d8846269a13c1574b3c07a04680327c
xvla,place_relative,18,100108,back,failure,0,400,400,action_limit,Grab the blue soap and set it behind the brown coffee-box,new,xvla/place_relative/place_relative_ep100108_result.json,99a1fb3f486e7aa301562c3246928c1a95f7a70ff1beabaa5bbe29f9ad42c76c
xvla,place_relative,19,100112,front,failure,0,400,400,action_limit,Relocate the gray mouse in front of the red tea-box,new,xvla/place_relative/place_relative_ep100112_result.json,c51e1b4b5052d096136fbd18df7d060e1aed53f1eab21dc8cbb52899345e06e8
xvla,place_relative,19,100113,back,failure,0,400,400,action_limit,Lift the gray mouse and set it behind the red tea-box,new,xvla/place_relative/place_relative_ep100113_result.json,2d0012778f812257eabf9195cfa5c06862ee8e1d80fb4b0b1147165e8a29c3ec
lingbot_va,place_relative,0,100007,front,failure,0,400,400,action_limit,Use the right arm to grab the black remotecontrol and place it in front of the red tea-box,reused,lingbot_va/place_relative/place_relative_ep100007_result.json,d92044c38fd6dd07d29a067bab95c7ef878b780a2bf55557f809c34f5c5d2d94
lingbot_va,place_relative,0,100008,back,failure,0,400,400,action_limit,Pick up the black remotecontrol and move it behind the red tea-box,reused,lingbot_va/place_relative/place_relative_ep100008_result.json,39f1b662e10c4c1df6e1f966930d87234f6a77b60e835296be63ab961feba832
lingbot_va,place_relative,1,100012,front,failure,0,400,400,action_limit,Grab the red can and set it in front of the red tea-box,reused,lingbot_va/place_relative/place_relative_ep100012_result.json,79638758b4b572bfbce7dd4fe8d5a34a82a5dd215882721fa7ea4b92b277f9ae
lingbot_va,place_relative,1,100013,back,failure,0,400,400,action_limit,Grab the red can and set it behind the red tea-box,reused,lingbot_va/place_relative/place_relative_ep100013_result.json,5a3a918b4d80e45c67a787aae8b02d8c0cea0807a4e9517976c536090ffd4f20
lingbot_va,place_relative,2,100017,front,failure,0,400,400,action_limit,Lift the blue soap and set it in front of the red tea-box,reused,lingbot_va/place_relative/place_relative_ep100017_result.json,3273dd368535de48944c30cfdf2c10c7552a8807e15c78b123699116a513ee38
lingbot_va,place_relative,2,100018,back,failure,0,400,400,action_limit,Pick up the blue soap and move it behind the red tea-box,reused,lingbot_va/place_relative/place_relative_ep100018_result.json,2358db9fc89f92307dbc73422280ffa4152700e330e946ae4a65b39e92f31a4e
lingbot_va,place_relative,3,100022,front,failure,0,400,400,action_limit,Relocate the gray mouse in front of the brown coffee-box,reused,lingbot_va/place_relative/place_relative_ep100022_result.json,9ccf1eba88d891c51d098532ff84fcb6a8d106cad11288401a12814d7877d86c
lingbot_va,place_relative,3,100023,back,failure,0,400,400,action_limit,Use the left arm to grab the gray mouse and place it behind the brown coffee-box,reused,lingbot_va/place_relative/place_relative_ep100023_result.json,627898d3f3cf2a76d9437820a7b61f3bf460a0c9b7f72ccd1dd3321b711a42d4
lingbot_va,place_relative,4,100027,front,failure,0,400,400,action_limit,Use the left arm to grab the green toycar and place it in front of the brown coffee-box,reused,lingbot_va/place_relative/place_relative_ep100027_result.json,c11f98026cad0e84caf33b19041ebbe07417560472b298ea2180e937e37814c9
lingbot_va,place_relative,4,100028,back,failure,0,400,400,action_limit,Grab the green toycar and set it behind the brown coffee-box,reused,lingbot_va/place_relative/place_relative_ep100028_result.json,b56be9f1c2b3c9624939be25b7f8fdfd72a2852d01a13664a6143247e3e1bcaa
lingbot_va,place_relative,5,100032,front,failure,0,400,400,action_limit,Grab the red stapler and set it in front of the brown coffee-box,reused,lingbot_va/place_relative/place_relative_ep100032_result.json,ac6c597f3c61cb442f35f9eb0e25036044e720709c2033b3589e2ae499671a54
lingbot_va,place_relative,5,100033,back,failure,0,400,400,action_limit,"Use the right arm to pick up the red stapler, set it behind the brown coffee-box",reused,lingbot_va/place_relative/place_relative_ep100033_result.json,cdc8dca2ebbf7c829be3f5cf7bcd2ce6cb3faf2c3b9729dee77a79c711e99bec
lingbot_va,place_relative,6,100042,front,failure,0,400,400,action_limit,"Use the left arm to pick up the red can, set it in front of the brown coffee-box",reused,lingbot_va/place_relative/place_relative_ep100042_result.json,03ce0939c0a07cde7102c7e747c0fdaa99a0adc59b379664423e6c0e6344c216
lingbot_va,place_relative,6,100043,back,failure,0,400,400,action_limit,Use the left arm to grab the red can and place it behind the brown coffee-box,reused,lingbot_va/place_relative/place_relative_ep100043_result.json,e36eee0f97606835707a34612757db5783d07d984661a546d00c1574388df968
lingbot_va,place_relative,7,100047,front,failure,0,400,400,action_limit,Use the left arm to grab the blue soap and place it in front of the brown coffee-box,reused,lingbot_va/place_relative/place_relative_ep100047_result.json,b81e69442353f2cee68674ab341f7ba199a3633b3e6766513bc0d0246fe1ed56
lingbot_va,place_relative,7,100048,back,failure,0,400,400,action_limit,Grab the blue soap and set it behind the brown coffee-box,reused,lingbot_va/place_relative/place_relative_ep100048_result.json,928b17e719c3732513f14a97cc3dceccdd3da6e6d425b1576d8c39238a36fe44
lingbot_va,place_relative,8,100052,front,failure,0,400,400,action_limit,Use the right arm to grab the gray mouse and place it in front of the red tea-box,reused,lingbot_va/place_relative/place_relative_ep100052_result.json,dba0309c3c7ed3b0044512e84281886472f766a9c976eb438c1a5540b1bbd8d4
lingbot_va,place_relative,8,100053,back,failure,0,400,400,action_limit,Use the right arm to grab the gray mouse and place it behind the red tea-box,reused,lingbot_va/place_relative/place_relative_ep100053_result.json,c2ccc4d96b46c32a6354270ef2a6854733175bae9c4280cc7075012fdcdbc41a
lingbot_va,place_relative,9,100057,front,failure,0,400,400,action_limit,"Use the left arm to pick up the green toycar, set it in front of the red tea-box",reused,lingbot_va/place_relative/place_relative_ep100057_result.json,55be6615e337336e41a5d924a006f9caa44c0fafa2e2bbf6200fda7f34ff9d61
lingbot_va,place_relative,9,100058,back,failure,0,400,400,action_limit,Use the left arm to grab the green toycar and place it behind the red tea-box,reused,lingbot_va/place_relative/place_relative_ep100058_result.json,79e34c1dbc41e2f1ce2e9eb40761a2b67f1fe1ae3bb7a3623fc9a5a05d5f0e37
lingbot_va,place_relative,10,100062,front,failure,0,400,400,action_limit,Relocate the red stapler in front of the red tea-box,reused,lingbot_va/place_relative/place_relative_ep100062_result.json,9056e87a1f00dcd8febf6cf15b669a2ae1964d7a6551f2b89f78e9f15760e360
lingbot_va,place_relative,10,100063,back,failure,0,400,400,action_limit,"Use the left arm to pick up the red stapler, set it behind the red tea-box",reused,lingbot_va/place_relative/place_relative_ep100063_result.json,44601d4af0d29ee5f7c84564084400d161248a6185cfeb7dfefcf274f4f282ee
lingbot_va,place_relative,11,100067,front,failure,0,400,400,action_limit,Pick up the black remotecontrol and move it in front of the red tea-box,reused,lingbot_va/place_relative/place_relative_ep100067_result.json,5cbc87614f42f87177375de976f81b4782d9264f070aef3497f602f2184f0055
lingbot_va,place_relative,11,100068,back,failure,0,400,400,action_limit,Use the left arm to grab the black remotecontrol and place it behind the red tea-box,reused,lingbot_va/place_relative/place_relative_ep100068_result.json,1045d96ca0d117fc23d2afe4709a4fa18c6bbacf2d9a06161808a61bbf200d0d
lingbot_va,place_relative,12,100072,front,failure,0,400,400,action_limit,Grab the red can and set it in front of the red tea-box,new,lingbot_va/place_relative/place_relative_ep100072_result.json,ced6e67297293d87da431e7d36e384d993f56b814382cc88b57425124850e288
lingbot_va,place_relative,12,100073,back,failure,0,400,400,action_limit,Lift the red can and set it behind the red tea-box,new,lingbot_va/place_relative/place_relative_ep100073_result.json,91ea718469ba3faa682e4948cc4943d9eb3f9c3901f4f2a2da79a393fe7050f9
lingbot_va,place_relative,13,100077,front,failure,0,400,400,action_limit,Lift the blue soap and set it in front of the red tea-box,new,lingbot_va/place_relative/place_relative_ep100077_result.json,d66c85dc2c4316c0b8fff32803a6cb04f612908a8e647ef3a5d3a5f4880ba730
lingbot_va,place_relative,13,100078,back,failure,0,400,400,action_limit,Pick up the blue soap and move it behind the red tea-box,new,lingbot_va/place_relative/place_relative_ep100078_result.json,f454fff960e286dd6e0d899c1424e2839674b1e5e7f0c5afc497e2348cf11175
lingbot_va,place_relative,14,100082,front,failure,0,400,400,action_limit,"Use the left arm to pick up the gray mouse, set it in front of the brown coffee-box",new,lingbot_va/place_relative/place_relative_ep100082_result.json,bd6eea8e1cb8d78ae55bc2cab8d86c10bb9962fd5375d9ab3b90f593a2da4273
lingbot_va,place_relative,14,100083,back,failure,0,400,400,action_limit,Use the left arm to grab the gray mouse and place it behind the brown coffee-box,new,lingbot_va/place_relative/place_relative_ep100083_result.json,058aa64faa0092331b9c2f91d63ab9bcae3c5c607fabc27a7855b2f4e075d583
lingbot_va,place_relative,15,100087,front,failure,0,400,400,action_limit,Grab the green toycar and set it in front of the brown coffee-box,new,lingbot_va/place_relative/place_relative_ep100087_result.json,8a7847cd5071e36ccf2ab2f5dee5abca94a3a335fb43e673c9e5f0dcc67aea5d
lingbot_va,place_relative,15,100088,back,failure,0,400,400,action_limit,Pick up the green toycar and move it behind the brown coffee-box,new,lingbot_va/place_relative/place_relative_ep100088_result.json,c537f8223658fa1d2ae3a34c529f30b5745e10448056f994cfc4cbc9adfa64e7
lingbot_va,place_relative,16,100097,front,failure,0,400,400,action_limit,Lift the black remotecontrol and set it in front of the brown coffee-box,new,lingbot_va/place_relative/place_relative_ep100097_result.json,b0ea8e95c0d8f5c5361b8d7edafe35565e379864c2593c4f2be44631ee64ee6a
lingbot_va,place_relative,16,100098,back,failure,0,400,400,action_limit,Use the right arm to grab the black remotecontrol and place it behind the brown coffee-box,new,lingbot_va/place_relative/place_relative_ep100098_result.json,0ff184d66e060912410e0e9ab6f4a51497a19812d1ecbec7fbb39c9d0988378f
lingbot_va,place_relative,17,100102,front,failure,0,400,400,action_limit,Use the right arm to grab the red can and place it in front of the brown coffee-box,new,lingbot_va/place_relative/place_relative_ep100102_result.json,ba87939d32d3c7bb62801baa1dd1407f1136df74e86082b0ccf4d25c5e9aecec
lingbot_va,place_relative,17,100103,back,failure,0,400,400,action_limit,Pick up the red can and move it behind the brown coffee-box,new,lingbot_va/place_relative/place_relative_ep100103_result.json,7c45a06bed2fde43430725e6d724fa6d9710476e20bdd04b0de31737aceb85a3
lingbot_va,place_relative,18,100107,front,failure,0,400,400,action_limit,Use the right arm to grab the blue soap and place it in front of the brown coffee-box,new,lingbot_va/place_relative/place_relative_ep100107_result.json,2c07d6991c91610aa831b996363fbfeebb75c99e14a1ed27db11ffe70355d69e
lingbot_va,place_relative,18,100108,back,failure,0,400,400,action_limit,Grab the blue soap and set it behind the brown coffee-box,new,lingbot_va/place_relative/place_relative_ep100108_result.json,be0070735537f22a21e63fd0e2b808056f554df1e7c01d67fc8e2eb3a0c30df9
lingbot_va,place_relative,19,100112,front,failure,0,400,400,action_limit,Relocate the gray mouse in front of the red tea-box,new,lingbot_va/place_relative/place_relative_ep100112_result.json,d27599c177397cc886c9c396aa2a0281f63893776ea82e3d30cc99e39166cdd2
lingbot_va,place_relative,19,100113,back,failure,0,400,400,action_limit,Lift the gray mouse and set it behind the red tea-box,new,lingbot_va/place_relative/place_relative_ep100113_result.json,ec414a1d91531cf706741457b142e6b4538b729d5140cb8ef3407ba2fbe9cc78
lingbot_vla,place_relative,0,100007,front,failure,0,400,400,action_limit,Use the right arm to grab the black remotecontrol and place it in front of the red tea-box,reused,lingbot_vla/place_relative/place_relative_ep100007_result.json,c2842ab0035f6ef4bb36ae9bf13675b76ad7cf02edbe9ad7bda4279e87503fd7
lingbot_vla,place_relative,0,100008,back,failure,0,400,400,action_limit,Pick up the black remotecontrol and move it behind the red tea-box,reused,lingbot_vla/place_relative/place_relative_ep100008_result.json,e702046957be494795e14da2eb8b39670f2a258904d3bab2c1a49899d436ae05
lingbot_vla,place_relative,1,100012,front,failure,0,400,400,action_limit,Grab the red can and set it in front of the red tea-box,reused,lingbot_vla/place_relative/place_relative_ep100012_result.json,8cccce245621f1b5c7d9477b1d312692a724360247e38b44be117d103d8134fa
lingbot_vla,place_relative,1,100013,back,failure,0,400,400,action_limit,Grab the red can and set it behind the red tea-box,reused,lingbot_vla/place_relative/place_relative_ep100013_result.json,b529c18c6a8019a769ddcb1a79a7aaed09450d6a584e6c713d758c70783c1f98
lingbot_vla,place_relative,2,100017,front,failure,0,400,400,action_limit,Lift the blue soap and set it in front of the red tea-box,reused,lingbot_vla/place_relative/place_relative_ep100017_result.json,e239785536d92388f728069a7547205c3c2e96788b54d97733f796ca2975281a
lingbot_vla,place_relative,2,100018,back,failure,0,400,400,action_limit,Pick up the blue soap and move it behind the red tea-box,reused,lingbot_vla/place_relative/place_relative_ep100018_result.json,8b6b4bb0a071870ca622d79bb6f5bb7d1a24b2d81b3feb602b436dbde90b00b6
lingbot_vla,place_relative,3,100022,front,failure,0,400,400,action_limit,Relocate the gray mouse in front of the brown coffee-box,reused,lingbot_vla/place_relative/place_relative_ep100022_result.json,55795ac2590b9b66697cd828e8f8c3d0905c9f7c7c071d3a96a2e094b69fc552
lingbot_vla,place_relative,3,100023,back,failure,0,400,400,action_limit,Use the left arm to grab the gray mouse and place it behind the brown coffee-box,reused,lingbot_vla/place_relative/place_relative_ep100023_result.json,731e65895c141fb7a628a48159dec8ac6c94c13af139604c5e737edbfc8ee1f7
lingbot_vla,place_relative,4,100027,front,failure,0,400,400,action_limit,Use the left arm to grab the green toycar and place it in front of the brown coffee-box,reused,lingbot_vla/place_relative/place_relative_ep100027_result.json,0ac9bdb66d60141d5be8e957331e9a9bd42982ea0ac1ff1407b8d03f50397cad
lingbot_vla,place_relative,4,100028,back,failure,0,400,400,action_limit,Grab the green toycar and set it behind the brown coffee-box,reused,lingbot_vla/place_relative/place_relative_ep100028_result.json,02dd5301a30adbee8db57e81efdde01b985be0449cf8b4bd2f5663f0b3aed98b
lingbot_vla,place_relative,5,100032,front,failure,0,400,400,action_limit,Grab the red stapler and set it in front of the brown coffee-box,reused,lingbot_vla/place_relative/place_relative_ep100032_result.json,361ec93f39820c4a096635f315fd24011a930493d832c85fd4c733a0b30150ca
lingbot_vla,place_relative,5,100033,back,failure,0,400,400,action_limit,"Use the right arm to pick up the red stapler, set it behind the brown coffee-box",reused,lingbot_vla/place_relative/place_relative_ep100033_result.json,bb66a2a7786a2e7922cd30d2b27365c8a11c087ecba240e9b841cd047fc6897d
lingbot_vla,place_relative,6,100042,front,failure,0,400,400,action_limit,"Use the left arm to pick up the red can, set it in front of the brown coffee-box",reused,lingbot_vla/place_relative/place_relative_ep100042_result.json,bee34f5fb794f2c4a583e4abc6d4e1e18463501bed2f16aac79837626607431f
lingbot_vla,place_relative,6,100043,back,failure,0,400,400,action_limit,Use the left arm to grab the red can and place it behind the brown coffee-box,reused,lingbot_vla/place_relative/place_relative_ep100043_result.json,01762818bf96df6d8c3fd0c2dedd51c6cf92bb4ca939d11b78d1d8548bd9713c
lingbot_vla,place_relative,7,100047,front,failure,0,400,400,action_limit,Use the left arm to grab the blue soap and place it in front of the brown coffee-box,reused,lingbot_vla/place_relative/place_relative_ep100047_result.json,ac0118d83a9c9e50aa0c5b4a25cc718530f4a385da0597961655e168ff436d99
lingbot_vla,place_relative,7,100048,back,failure,0,400,400,action_limit,Grab the blue soap and set it behind the brown coffee-box,reused,lingbot_vla/place_relative/place_relative_ep100048_result.json,24624c2dae3c523eeb3bb4d47a9da448fc15b247e9cfe5fcbb3ccc9f66680147
lingbot_vla,place_relative,8,100052,front,failure,0,400,400,action_limit,Use the right arm to grab the gray mouse and place it in front of the red tea-box,reused,lingbot_vla/place_relative/place_relative_ep100052_result.json,19b8ca457a37bd206ce4e81bcc749ee2c5d41139fc4dd373ce6112c4f58a5118
lingbot_vla,place_relative,8,100053,back,failure,0,400,400,action_limit,Use the right arm to grab the gray mouse and place it behind the red tea-box,reused,lingbot_vla/place_relative/place_relative_ep100053_result.json,98a15455d2958dd613e83ab6ce2aa048696a531d9c427a6bc422f9e91a158d87
lingbot_vla,place_relative,9,100057,front,failure,0,400,400,action_limit,"Use the left arm to pick up the green toycar, set it in front of the red tea-box",reused,lingbot_vla/place_relative/place_relative_ep100057_result.json,cd35efc2fd2393b9e5253e72ef9471c83ea686d79ce673a3ceb6bef15ed0b99f
lingbot_vla,place_relative,9,100058,back,failure,0,400,400,action_limit,Use the left arm to grab the green toycar and place it behind the red tea-box,reused,lingbot_vla/place_relative/place_relative_ep100058_result.json,549d57f3d6d6c30cbf09c2a0b666c9ddb6a6ed6f6c64a8ad2058767ab44a4452
lingbot_vla,place_relative,10,100062,front,failure,0,400,400,action_limit,Relocate the red stapler in front of the red tea-box,reused,lingbot_vla/place_relative/place_relative_ep100062_result.json,efe22f3abde557a0aeceeed81b56a6692b7a9fe27f100e87f2e5c086cec32ded
lingbot_vla,place_relative,10,100063,back,failure,0,400,400,action_limit,"Use the left arm to pick up the red stapler, set it behind the red tea-box",reused,lingbot_vla/place_relative/place_relative_ep100063_result.json,ec7615f61871e43f3c7547002e88f92481bad0b02d23266c17871646e7934bed
lingbot_vla,place_relative,11,100067,front,failure,0,400,400,action_limit,Pick up the black remotecontrol and move it in front of the red tea-box,reused,lingbot_vla/place_relative/place_relative_ep100067_result.json,99fbcb8a7a689db21d95d61348b8f79327bfbd8fa2c09ffd4ca81e888e68c021
lingbot_vla,place_relative,11,100068,back,failure,0,400,400,action_limit,Use the left arm to grab the black remotecontrol and place it behind the red tea-box,reused,lingbot_vla/place_relative/place_relative_ep100068_result.json,0f2c2aa1e0c0181ad05eb3eb9f21bfef150a92885515130e3a7aad9ebbed9730
lingbot_vla,place_relative,12,100072,front,failure,0,400,400,action_limit,Grab the red can and set it in front of the red tea-box,new,lingbot_vla/place_relative/place_relative_ep100072_result.json,dd99970f77a123c0dec311bcb05ba3f1352d325f2f42321b0c783306996e1c71
lingbot_vla,place_relative,12,100073,back,failure,0,400,400,action_limit,Lift the red can and set it behind the red tea-box,new,lingbot_vla/place_relative/place_relative_ep100073_result.json,aa16289aabc77c4294219e95283221a580acb5e9dd813929779be9b4791307b5
lingbot_vla,place_relative,13,100077,front,failure,0,400,400,action_limit,Lift the blue soap and set it in front of the red tea-box,new,lingbot_vla/place_relative/place_relative_ep100077_result.json,44bd412686d14847e9abc3dfeb42bed4110cb9b8a64550c9301e6759ca9c6740
lingbot_vla,place_relative,13,100078,back,failure,0,400,400,action_limit,Pick up the blue soap and move it behind the red tea-box,new,lingbot_vla/place_relative/place_relative_ep100078_result.json,17f891f683b126e528b8de762b49bd1d1beb2063054ff6b84abffe52e0f44e08
lingbot_vla,place_relative,14,100082,front,failure,0,400,400,action_limit,"Use the left arm to pick up the gray mouse, set it in front of the brown coffee-box",new,lingbot_vla/place_relative/place_relative_ep100082_result.json,893e54d6066bdb51aade76e210e2325439934dfd17bdbe8e37a763f215de9ca3
lingbot_vla,place_relative,14,100083,back,failure,0,400,400,action_limit,Use the left arm to grab the gray mouse and place it behind the brown coffee-box,new,lingbot_vla/place_relative/place_relative_ep100083_result.json,a29dc882e5948f445147d6e4e443fec18254f0f6ceb14be2231d02e368a928ce
lingbot_vla,place_relative,15,100087,front,failure,0,400,400,action_limit,Grab the green toycar and set it in front of the brown coffee-box,new,lingbot_vla/place_relative/place_relative_ep100087_result.json,85939247c784a257db6beafd0d98433fd7b59f062ae2f0a9f21549a0e86d54ff
lingbot_vla,place_relative,15,100088,back,failure,0,400,400,action_limit,Pick up the green toycar and move it behind the brown coffee-box,new,lingbot_vla/place_relative/place_relative_ep100088_result.json,aa8df2e2da6755209005367c5fcc6ed9b90e5943c77b30b1b57415d4c9743a9f
lingbot_vla,place_relative,16,100097,front,failure,0,400,400,action_limit,Lift the black remotecontrol and set it in front of the brown coffee-box,new,lingbot_vla/place_relative/place_relative_ep100097_result.json,911dcaa49df4e976f0dd7c2ee591920706d06cab58b713e67a16f762db84ae8b
lingbot_vla,place_relative,16,100098,back,failure,0,400,400,action_limit,Use the right arm to grab the black remotecontrol and place it behind the brown coffee-box,new,lingbot_vla/place_relative/place_relative_ep100098_result.json,32062613e38a1f6c9c3f902f0aebfad388369de288e47507f832c84d5a4dd48e
lingbot_vla,place_relative,17,100102,front,failure,0,400,400,action_limit,Use the right arm to grab the red can and place it in front of the brown coffee-box,new,lingbot_vla/place_relative/place_relative_ep100102_result.json,cb342d0e16c44128f1d0f41f82bbd339de5f5ec13b579ae1b5dfe59b2e54829f
lingbot_vla,place_relative,17,100103,back,failure,0,400,400,action_limit,Pick up the red can and move it behind the brown coffee-box,new,lingbot_vla/place_relative/place_relative_ep100103_result.json,3e2bf76cef082ccefeff31a60702928763492123d63b22dcd281d973e707a6e3
lingbot_vla,place_relative,18,100107,front,failure,0,400,400,action_limit,Use the right arm to grab the blue soap and place it in front of the brown coffee-box,new,lingbot_vla/place_relative/place_relative_ep100107_result.json,ded525d033d24f1972b8c76f8c07fcb904486bdeb7c414e4f3aaa2ecf460bb24
lingbot_vla,place_relative,18,100108,back,failure,0,400,400,action_limit,Grab the blue soap and set it behind the brown coffee-box,new,lingbot_vla/place_relative/place_relative_ep100108_result.json,39973106988bd71024ba78664a97b30a3d2b08bd872c0a3c5443c264bd97ec6d
lingbot_vla,place_relative,19,100112,front,failure,0,400,400,action_limit,Relocate the gray mouse in front of the red tea-box,new,lingbot_vla/place_relative/place_relative_ep100112_result.json,db202ab1ad6251d12a2d458a67f66c6cba0a50574efad645598d3db89389505f
lingbot_vla,place_relative,19,100113,back,failure,0,400,400,action_limit,Lift the gray mouse and set it behind the red tea-box,new,lingbot_vla/place_relative/place_relative_ep100113_result.json,1ae02ece1c7b2333dd5a269943b12be05b4574a51a71e47343f74595247d1b03
vlact,place_relative,0,100007,front,failure,0,400,400,action_limit,Use the right arm to grab the black remotecontrol and place it in front of the red tea-box,reused,vlact/place_relative/place_relative_ep100007_result.json,78df27bd1a9d30ed6f681d899cc71fdd3e2e3c1dc9cfee18bed0ec5f5e288504
vlact,place_relative,0,100008,back,failure,0,400,400,action_limit,Pick up the black remotecontrol and move it behind the red tea-box,reused,vlact/place_relative/place_relative_ep100008_result.json,cb288dad8dc893dbb21391b0f43414411f084f8d23c14e6fc77cb93aa56649a8
vlact,place_relative,1,100012,front,failure,0,400,400,action_limit,Grab the red can and set it in front of the red tea-box,reused,vlact/place_relative/place_relative_ep100012_result.json,aa5aee9c47a665d2878bf49502f3b757ff52fcc47b5ecc6e3a85a34d797e25a2
vlact,place_relative,1,100013,back,failure,0,400,400,action_limit,Grab the red can and set it behind the red tea-box,reused,vlact/place_relative/place_relative_ep100013_result.json,f72b749ccbdf2f7b08b91bfd1d6f4050e04056aaa3ce8a831eb15f7db74a9e17
vlact,place_relative,2,100017,front,failure,0,400,400,action_limit,Lift the blue soap and set it in front of the red tea-box,reused,vlact/place_relative/place_relative_ep100017_result.json,cc90e8fd636f192da53fe6450749be807f6b635abd015d5d6105a94a460d98fd
vlact,place_relative,2,100018,back,failure,0,400,400,action_limit,Pick up the blue soap and move it behind the red tea-box,reused,vlact/place_relative/place_relative_ep100018_result.json,84c6300c22197fc9b0dc992c58aac5d93090de7675b81d6ab4a856ac6893e2f4
vlact,place_relative,3,100022,front,failure,0,400,400,action_limit,Relocate the gray mouse in front of the brown coffee-box,reused,vlact/place_relative/place_relative_ep100022_result.json,f93e3c83686eb39c9bfc5630dc0d8d1770fb360e15ad336b11fd89329ba77daf
vlact,place_relative,3,100023,back,failure,0,400,400,action_limit,Use the left arm to grab the gray mouse and place it behind the brown coffee-box,reused,vlact/place_relative/place_relative_ep100023_result.json,8b09cba3ef3d0aa8543a8a4ab87de84302b140c66108378646527d8915451e25
vlact,place_relative,4,100027,front,failure,0,400,400,action_limit,Use the left arm to grab the green toycar and place it in front of the brown coffee-box,reused,vlact/place_relative/place_relative_ep100027_result.json,ca4366a0c2cbb2623fb9d6f65a4196450181ca76a868eee420920d2d4ebf91b4
vlact,place_relative,4,100028,back,failure,0,400,400,action_limit,Grab the green toycar and set it behind the brown coffee-box,reused,vlact/place_relative/place_relative_ep100028_result.json,2a519c59bf487d662ddb72b9c8e5151981f610f9b47e36aba604bdf60c59e8ea
vlact,place_relative,5,100032,front,failure,0,400,400,action_limit,Grab the red stapler and set it in front of the brown coffee-box,reused,vlact/place_relative/place_relative_ep100032_result.json,743eef68574b5192a26b77aeae26dfacba3503c06f377d232d776e8dd0403d22
vlact,place_relative,5,100033,back,failure,0,400,400,action_limit,"Use the right arm to pick up the red stapler, set it behind the brown coffee-box",reused,vlact/place_relative/place_relative_ep100033_result.json,786924289020533ff3af7a5a59416a01283c2beed605e66e23d893e3422efad4
vlact,place_relative,6,100042,front,failure,0,400,400,action_limit,"Use the left arm to pick up the red can, set it in front of the brown coffee-box",reused,vlact/place_relative/place_relative_ep100042_result.json,8a78b5bd87f13bc08fbd771917d2a4a6b96b5bfbbd4f288fa0cfe3d6020c099d
vlact,place_relative,6,100043,back,failure,0,400,400,action_limit,Use the left arm to grab the red can and place it behind the brown coffee-box,reused,vlact/place_relative/place_relative_ep100043_result.json,4b49329708c38bcd5bfe89d46a10dd177220829c48981dbc6ee951d0dab3b739
vlact,place_relative,7,100047,front,failure,0,400,400,action_limit,Use the left arm to grab the blue soap and place it in front of the brown coffee-box,reused,vlact/place_relative/place_relative_ep100047_result.json,69615b152f8634e1a07593d7d36d48d27df26829fb441c07629ab5ec95de401a
vlact,place_relative,7,100048,back,failure,0,400,400,action_limit,Grab the blue soap and set it behind the brown coffee-box,reused,vlact/place_relative/place_relative_ep100048_result.json,bf64884b36e2a3c9d24302be15a9201551ac8dc980f4ca9857abea04111ac923
vlact,place_relative,8,100052,front,failure,0,400,400,action_limit,Use the right arm to grab the gray mouse and place it in front of the red tea-box,reused,vlact/place_relative/place_relative_ep100052_result.json,333cb24214bf2af1216a078eac6a4524289d1984672d146a55b62a226929d9b5
vlact,place_relative,8,100053,back,failure,0,400,400,action_limit,Use the right arm to grab the gray mouse and place it behind the red tea-box,reused,vlact/place_relative/place_relative_ep100053_result.json,3d7295f01a8e4b9b7673edd3028d1a02e55f2be4b45a20f30406749b183959f6
vlact,place_relative,9,100057,front,failure,0,400,400,action_limit,"Use the left arm to pick up the green toycar, set it in front of the red tea-box",reused,vlact/place_relative/place_relative_ep100057_result.json,5bb46d98b614e93cb1c19756d41e5749c74312f165e00931701c420af9747a9b
vlact,place_relative,9,100058,back,failure,0,400,400,action_limit,Use the left arm to grab the green toycar and place it behind the red tea-box,reused,vlact/place_relative/place_relative_ep100058_result.json,83526885f1d3f62d0555db9750fb67c7228dc6c6eda5c0d0a4d07db9541df49c
vlact,place_relative,10,100062,front,failure,0,400,400,action_limit,Relocate the red stapler in front of the red tea-box,reused,vlact/place_relative/place_relative_ep100062_result.json,2fd040f4ddca895f3c98cd60f9f9e3563cd835a916f0141d702589eaaf9582ca
vlact,place_relative,10,100063,back,failure,0,400,400,action_limit,"Use the left arm to pick up the red stapler, set it behind the red tea-box",reused,vlact/place_relative/place_relative_ep100063_result.json,f9fe17b656792e0f2f78895d9780c1c956f105dbaa095afff851901e1065bff6
vlact,place_relative,11,100067,front,failure,0,400,400,action_limit,Pick up the black remotecontrol and move it in front of the red tea-box,reused,vlact/place_relative/place_relative_ep100067_result.json,b4a5faa985e754d02eb80026b290002e32a035d72d134b7c565b2a47387590d3
vlact,place_relative,11,100068,back,failure,0,400,400,action_limit,Use the left arm to grab the black remotecontrol and place it behind the red tea-box,reused,vlact/place_relative/place_relative_ep100068_result.json,0f3a422a4981e4d0e42b0f928e51a31c3b4444cc22c1453c4da173df506cddf2
vlact,place_relative,12,100072,front,failure,0,400,400,action_limit,Grab the red can and set it in front of the red tea-box,new,vlact/place_relative/place_relative_ep100072_result.json,f2ce00ab6ecfc707e7231ea28ba1cbd835272b46d9f67cae136e70cf6a441ce4
vlact,place_relative,12,100073,back,failure,0,400,400,action_limit,Lift the red can and set it behind the red tea-box,new,vlact/place_relative/place_relative_ep100073_result.json,ba25103118ef714c383ea29f3fa0fbdebe670c489f6b1e608662f3f67d257cfc
vlact,place_relative,13,100077,front,success,1,147,400,task_success,Lift the blue soap and set it in front of the red tea-box,new,vlact/place_relative/place_relative_ep100077_result.json,28f6823f76cf49909022032d66c5ee6b25c537ea11fa4328019708c99383a5e3
vlact,place_relative,13,100078,back,failure,0,400,400,action_limit,Pick up the blue soap and move it behind the red tea-box,new,vlact/place_relative/place_relative_ep100078_result.json,99442e38de6cc6b967b3b24ae2ae2cf9afe45cbf166f074bb87f900b4c60f444
vlact,place_relative,14,100082,front,failure,0,400,400,action_limit,"Use the left arm to pick up the gray mouse, set it in front of the brown coffee-box",new,vlact/place_relative/place_relative_ep100082_result.json,5beafe00249d25c3c557061f8e42cd88ce5380316466ccb2aa34d46f5848ad02
vlact,place_relative,14,100083,back,failure,0,400,400,action_limit,Use the left arm to grab the gray mouse and place it behind the brown coffee-box,new,vlact/place_relative/place_relative_ep100083_result.json,a720335a0f7394c61fa6043af9e77e96acbbe81dbe0ae05bb2b2ac255b07e583
vlact,place_relative,15,100087,front,failure,0,400,400,action_limit,Grab the green toycar and set it in front of the brown coffee-box,new,vlact/place_relative/place_relative_ep100087_result.json,0e71e47c0b169a3a13a4caf6973481bcc2ea6bcfdb8767e314a3efb4606372fa
vlact,place_relative,15,100088,back,failure,0,400,400,action_limit,Pick up the green toycar and move it behind the brown coffee-box,new,vlact/place_relative/place_relative_ep100088_result.json,0bbb137511d4af438ed5f5b340ff0d8ecb9d10e6ecf8553c7d35219e4f439724
vlact,place_relative,16,100097,front,failure,0,400,400,action_limit,Lift the black remotecontrol and set it in front of the brown coffee-box,new,vlact/place_relative/place_relative_ep100097_result.json,678823ce66a76d6d35057080492a1be2275c6f24eefe7f8607634e673b8d31da
vlact,place_relative,16,100098,back,failure,0,400,400,action_limit,Use the right arm to grab the black remotecontrol and place it behind the brown coffee-box,new,vlact/place_relative/place_relative_ep100098_result.json,bb77a174fb2c81cbc6e79041782b2def93b9fa3ffd798fecf8471c4e76289f0b
vlact,place_relative,17,100102,front,failure,0,400,400,action_limit,Use the right arm to grab the red can and place it in front of the brown coffee-box,new,vlact/place_relative/place_relative_ep100102_result.json,1331835a8deed0ef15b49b5da0890644155ba0f432d583126c153769d9e3a2fb
vlact,place_relative,17,100103,back,failure,0,400,400,action_limit,Pick up the red can and move it behind the brown coffee-box,new,vlact/place_relative/place_relative_ep100103_result.json,88ec44911bab28597b3bbff1da27b178c3bb9827d16be607f72d3106d1b1dea0
vlact,place_relative,18,100107,front,failure,0,400,400,action_limit,Use the right arm to grab the blue soap and place it in front of the brown coffee-box,new,vlact/place_relative/place_relative_ep100107_result.json,df028b45d8072de4d448bd9ee7a5bdb0e9bec66bbbe17b5f50e5188a19cd08c9
vlact,place_relative,18,100108,back,failure,0,400,400,action_limit,Grab the blue soap and set it behind the brown coffee-box,new,vlact/place_relative/place_relative_ep100108_result.json,7939c7836f9821bf24c83e9279b23328d17257ef3fc6118ba16f8af2779d546d
vlact,place_relative,19,100112,front,failure,0,400,400,action_limit,Relocate the gray mouse in front of the red tea-box,new,vlact/place_relative/place_relative_ep100112_result.json,9d7d1c1f8a4b1e501aea7d8c1bca471845dbe01f5dfddba8d35ce385c655bd92
vlact,place_relative,19,100113,back,failure,0,400,400,action_limit,Lift the gray mouse and set it behind the red tea-box,new,vlact/place_relative/place_relative_ep100113_result.json,7db515d9374578fc804db3008dc890c81afbaff904515a89891db7ec8655b9ef
dm05,place_relative,0,100007,front,failure,0,400,400,action_limit,Use the right arm to grab the black remotecontrol and place it in front of the red tea-box,reused,dm05/place_relative/place_relative_ep100007_result.json,1da7a3b7bb31f19a4cc0af1b51fa45918cf1cca7bc19bffba82d4fb42d7fc7d8
dm05,place_relative,0,100008,back,failure,0,400,400,action_limit,Pick up the black remotecontrol and move it behind the red tea-box,reused,dm05/place_relative/place_relative_ep100008_result.json,03c23a65250b720e52bf8c3609cf9971159c1cfc62fc295f60f5fc91dd69fa6d
dm05,place_relative,1,100012,front,failure,0,400,400,action_limit,Grab the red can and set it in front of the red tea-box,reused,dm05/place_relative/place_relative_ep100012_result.json,e340b68efea4d9751cb64e8e9f08e15d5b4c69775a785f8c6b88e17f962b8310
dm05,place_relative,1,100013,back,failure,0,400,400,action_limit,Grab the red can and set it behind the red tea-box,reused,dm05/place_relative/place_relative_ep100013_result.json,e33b4c8a6a0de825b079bd90da5f77d3eef62b770eb71fe9ee335e4ad38d975b
dm05,place_relative,2,100017,front,failure,0,400,400,action_limit,Lift the blue soap and set it in front of the red tea-box,reused,dm05/place_relative/place_relative_ep100017_result.json,845fc866afa2a9bead3d92942675b42dc7def93a8d382f35881ee8ba91c78c94
dm05,place_relative,2,100018,back,failure,0,400,400,action_limit,Pick up the blue soap and move it behind the red tea-box,reused,dm05/place_relative/place_relative_ep100018_result.json,766f7ce2a27f6b43bfd67f2dfd8b9e84aa460fce520017e279df77e27564500b
dm05,place_relative,3,100022,front,failure,0,400,400,action_limit,Relocate the gray mouse in front of the brown coffee-box,reused,dm05/place_relative/place_relative_ep100022_result.json,ac592878c95042c815768681e99ebf8e76eb824b5417e5aba310c0fad7585227
dm05,place_relative,3,100023,back,failure,0,400,400,action_limit,Use the left arm to grab the gray mouse and place it behind the brown coffee-box,reused,dm05/place_relative/place_relative_ep100023_result.json,63ecf24d1b3a4826e395d5988949461f0ad5472379f7809942dda53754da830d
dm05,place_relative,4,100027,front,failure,0,400,400,action_limit,Use the left arm to grab the green toycar and place it in front of the brown coffee-box,reused,dm05/place_relative/place_relative_ep100027_result.json,0ec780f52f922b3ce80f1a9e7fdd14acff49626a6523c2f6e4a5b35fb220b3cd
dm05,place_relative,4,100028,back,failure,0,400,400,action_limit,Grab the green toycar and set it behind the brown coffee-box,reused,dm05/place_relative/place_relative_ep100028_result.json,a23ea5df581e65d3c54298eae7c05f53f6a568304cfdcf819631897fae60c03b
dm05,place_relative,5,100032,front,failure,0,400,400,action_limit,Grab the red stapler and set it in front of the brown coffee-box,reused,dm05/place_relative/place_relative_ep100032_result.json,82fc63f322f20d7e05ab069c0ba3ebd2d5171d18ea9c0a202ba3091a0407fab6
dm05,place_relative,5,100033,back,failure,0,400,400,action_limit,"Use the right arm to pick up the red stapler, set it behind the brown coffee-box",reused,dm05/place_relative/place_relative_ep100033_result.json,5af8427d7b03222c3930aa1ea65a3e779cc63f74ce9b319939332dc8359acd66
dm05,place_relative,6,100042,front,failure,0,400,400,action_limit,"Use the left arm to pick up the red can, set it in front of the brown coffee-box",reused,dm05/place_relative/place_relative_ep100042_result.json,b4c833085b52f8c18c2cc1c8587ef2e8a8c2418036627c5ef43d5b99e2c94001
dm05,place_relative,6,100043,back,failure,0,400,400,action_limit,Use the left arm to grab the red can and place it behind the brown coffee-box,reused,dm05/place_relative/place_relative_ep100043_result.json,69964de92de504d5be0be8cf46d07297ef6a8b753ad5b8d4007c57ba62054b91
dm05,place_relative,7,100047,front,failure,0,400,400,action_limit,Use the left arm to grab the blue soap and place it in front of the brown coffee-box,reused,dm05/place_relative/place_relative_ep100047_result.json,e21f0ae649efecf48e707b8044de99067683b2bdf4dfbdd077925ecd59e9a05a
dm05,place_relative,7,100048,back,failure,0,400,400,action_limit,Grab the blue soap and set it behind the brown coffee-box,reused,dm05/place_relative/place_relative_ep100048_result.json,bb69c0f01db73afd1b55e43b7b17a3116cfb152e9219a4ca1a5789bfd1448b0c
dm05,place_relative,8,100052,front,failure,0,400,400,action_limit,Use the right arm to grab the gray mouse and place it in front of the red tea-box,reused,dm05/place_relative/place_relative_ep100052_result.json,79c94a610d2bb8f51727d566d21ceffd4287c93fa6d237de3848ad609dfa0fd2
dm05,place_relative,8,100053,back,failure,0,400,400,action_limit,Use the right arm to grab the gray mouse and place it behind the red tea-box,reused,dm05/place_relative/place_relative_ep100053_result.json,30c5fe7f3e4dfbda4aa20a2cfb54d59164293b29f53d5cc535088f1523633bc5
dm05,place_relative,9,100057,front,failure,0,400,400,action_limit,"Use the left arm to pick up the green toycar, set it in front of the red tea-box",reused,dm05/place_relative/place_relative_ep100057_result.json,5cbdc5656d0090af3e1068b088f51fe074f983a682318533c8b9e90197c82412
dm05,place_relative,9,100058,back,failure,0,400,400,action_limit,Use the left arm to grab the green toycar and place it behind the red tea-box,reused,dm05/place_relative/place_relative_ep100058_result.json,232ed4467fd8b7eaa484adc105b7e8819422a6b1ce57a2922e460c3d1241dd4a
dm05,place_relative,10,100062,front,failure,0,400,400,action_limit,Relocate the red stapler in front of the red tea-box,reused,dm05/place_relative/place_relative_ep100062_result.json,6826bbb0ae13ee1e458c9249fa72341095ac6adf3dbaa8fe99d8b0f27fb17d98
dm05,place_relative,10,100063,back,failure,0,400,400,action_limit,"Use the left arm to pick up the red stapler, set it behind the red tea-box",reused,dm05/place_relative/place_relative_ep100063_result.json,686ed24fd09b3b01dbb7434ca0af0b596443435ac55488ccdc46c89ff8dbc2d7
dm05,place_relative,11,100067,front,failure,0,400,400,action_limit,Pick up the black remotecontrol and move it in front of the red tea-box,reused,dm05/place_relative/place_relative_ep100067_result.json,9f1d99b871ee1a99a282bd63099d7d8ca1aef33d8cbd4ee5fa587f6fb0cd19a6
dm05,place_relative,11,100068,back,failure,0,400,400,action_limit,Use the left arm to grab the black remotecontrol and place it behind the red tea-box,reused,dm05/place_relative/place_relative_ep100068_result.json,08fc5ba2949c84c7fd6c2ccda3a7c10da48377e484e42be9815a9663cd6a2a0d
dm05,place_relative,12,100072,front,failure,0,400,400,action_limit,Grab the red can and set it in front of the red tea-box,new,dm05/place_relative/place_relative_ep100072_result.json,0ca2b9fae901e868235855c7c18c6346c61b8158d39f85ab216b61f37f36058a
dm05,place_relative,12,100073,back,failure,0,400,400,action_limit,Lift the red can and set it behind the red tea-box,new,dm05/place_relative/place_relative_ep100073_result.json,143ab7bf8cd252c86df3b1f50dbb028d41796aac859e75be1f4de9f2cfcca91d
dm05,place_relative,13,100077,front,success,1,348,400,task_success,Lift the blue soap and set it in front of the red tea-box,new,dm05/place_relative/place_relative_ep100077_result.json,4e115e9bfb5d246621a06d16ca36284f770cbec4ee10432aa44361a4aedf838f
dm05,place_relative,13,100078,back,failure,0,400,400,action_limit,Pick up the blue soap and move it behind the red tea-box,new,dm05/place_relative/place_relative_ep100078_result.json,6046ec1522bacc67a11cae26046d0d0bf6270c4d98ea940cdac4e2c8b6c384f9
dm05,place_relative,14,100082,front,failure,0,400,400,action_limit,"Use the left arm to pick up the gray mouse, set it in front of the brown coffee-box",new,dm05/place_relative/place_relative_ep100082_result.json,36ce8f4ab031e420cf08547a6aa8e68862e878b29691bf83679f869a3eb90e29
dm05,place_relative,14,100083,back,failure,0,400,400,action_limit,Use the left arm to grab the gray mouse and place it behind the brown coffee-box,new,dm05/place_relative/place_relative_ep100083_result.json,f2ae8aedee78bd638b1e00644434923d10a280efed06563ec2f51701b4e6e899
dm05,place_relative,15,100087,front,failure,0,400,400,action_limit,Grab the green toycar and set it in front of the brown coffee-box,new,dm05/place_relative/place_relative_ep100087_result.json,5198d1046f638ba994778528b40299281a74e910a25157dc2ba630bbfb521604
dm05,place_relative,15,100088,back,failure,0,400,400,action_limit,Pick up the green toycar and move it behind the brown coffee-box,new,dm05/place_relative/place_relative_ep100088_result.json,86835361488e43ceb42f259a66c113fe77db865c3e803753ff2b525f0b455a4c
dm05,place_relative,16,100097,front,failure,0,400,400,action_limit,Lift the black remotecontrol and set it in front of the brown coffee-box,new,dm05/place_relative/place_relative_ep100097_result.json,ca24854e556c6b1fe4551b7cd29b803e275e46cd6d249a9f2429ce7fbd651ff0
dm05,place_relative,16,100098,back,failure,0,400,400,action_limit,Use the right arm to grab the black remotecontrol and place it behind the brown coffee-box,new,dm05/place_relative/place_relative_ep100098_result.json,a7065a34ced8360d31d64c02d98b5b30f7c606559f3188e4151eb8fbbeda9bac
dm05,place_relative,17,100102,front,failure,0,400,400,action_limit,Use the right arm to grab the red can and place it in front of the brown coffee-box,new,dm05/place_relative/place_relative_ep100102_result.json,386bfb217267bb47812457b8266bd00ee8b6c469e809f8399c0acb2b54c90a16
dm05,place_relative,17,100103,back,failure,0,400,400,action_limit,Pick up the red can and move it behind the brown coffee-box,new,dm05/place_relative/place_relative_ep100103_result.json,873a15c7d9f824b377b506172f61e82d63a6aad66d767156499d10e054e30d14
dm05,place_relative,18,100107,front,failure,0,400,400,action_limit,Use the right arm to grab the blue soap and place it in front of the brown coffee-box,new,dm05/place_relative/place_relative_ep100107_result.json,59fbdfe64fed19a008ba5352f4758f1f4ce4bfb47fba9a80399977f0ae336493
dm05,place_relative,18,100108,back,failure,0,400,400,action_limit,Grab the blue soap and set it behind the brown coffee-box,new,dm05/place_relative/place_relative_ep100108_result.json,71471ce59fd5ab9b03839d78ff33b9aea436d642aac9810b726423f7e8ac950b
dm05,place_relative,19,100112,front,failure,0,400,400,action_limit,Relocate the gray mouse in front of the red tea-box,new,dm05/place_relative/place_relative_ep100112_result.json,5b5b653613b5fdc33a8f9a32a65fe632d9ae14b99cb30ecceb0e87cfefad4f22
dm05,place_relative,19,100113,back,failure,0,400,400,action_limit,Lift the gray mouse and set it behind the red tea-box,new,dm05/place_relative/place_relative_ep100113_result.json,fbe827a798be10521c662dae0412d12ac8e8778599081a9b87e5d121bb9ddf5b
hy_vla,place_relative,0,100007,front,failure,0,400,400,action_limit,Use the right arm to grab the black remotecontrol and place it in front of the red tea-box,reused,hy_vla/place_relative/place_relative_ep100007_result.json,169456d41dd04d381623bcc227463412ff1f7fc50a6aca37a0226b4206e71724
hy_vla,place_relative,0,100008,back,failure,0,400,400,action_limit,Pick up the black remotecontrol and move it behind the red tea-box,reused,hy_vla/place_relative/place_relative_ep100008_result.json,485c98feff2c01bacc51bb3c1fb10799f72d97a16d4c5cc98d630ea535baaa8b
hy_vla,place_relative,1,100012,front,failure,0,400,400,action_limit,Grab the red can and set it in front of the red tea-box,reused,hy_vla/place_relative/place_relative_ep100012_result.json,caa51effefe84fabadfeca47f4ce9c713637c01da943c9c3d2120ba180877e3d
hy_vla,place_relative,1,100013,back,failure,0,400,400,action_limit,Grab the red can and set it behind the red tea-box,reused,hy_vla/place_relative/place_relative_ep100013_result.json,46238ce11767b55821d88772602891ff9084e3a17f7ecd40aeaee378bff44344
hy_vla,place_relative,2,100017,front,failure,0,400,400,action_limit,Lift the blue soap and set it in front of the red tea-box,reused,hy_vla/place_relative/place_relative_ep100017_result.json,f85e30f828fb620d316d41daf919be35f3fd9d33d03677a036667aab0e757347
hy_vla,place_relative,2,100018,back,failure,0,400,400,action_limit,Pick up the blue soap and move it behind the red tea-box,reused,hy_vla/place_relative/place_relative_ep100018_result.json,ca0e923ccd9c741a0bca639202a459d8e60c6ecde7ba1b54382d02bf2f54d1b1
hy_vla,place_relative,3,100022,front,failure,0,400,400,action_limit,Relocate the gray mouse in front of the brown coffee-box,reused,hy_vla/place_relative/place_relative_ep100022_result.json,d5943bc450fa41d6256740f0267c50b23f870d2d2291e888ad592d135bba384c
hy_vla,place_relative,3,100023,back,failure,0,400,400,action_limit,Use the left arm to grab the gray mouse and place it behind the brown coffee-box,reused,hy_vla/place_relative/place_relative_ep100023_result.json,20fe4e8c3ff6de5f9e5a5e2ff7daa23fd9799e57a9b1001cad60bd82f2f6f5af
hy_vla,place_relative,4,100027,front,failure,0,400,400,action_limit,Use the left arm to grab the green toycar and place it in front of the brown coffee-box,reused,hy_vla/place_relative/place_relative_ep100027_result.json,3ae739d990736418c3942d5ae824c46b7f0382c6bd945ff2232c1930bda591dc
hy_vla,place_relative,4,100028,back,failure,0,400,400,action_limit,Grab the green toycar and set it behind the brown coffee-box,reused,hy_vla/place_relative/place_relative_ep100028_result.json,55b3eee1c13e3c26eb69e4909a21bbeea27c29146ee40f6568bc624162eadece
hy_vla,place_relative,5,100032,front,failure,0,400,400,action_limit,Grab the red stapler and set it in front of the brown coffee-box,reused,hy_vla/place_relative/place_relative_ep100032_result.json,c46ab2a15a91fecadffa37cced12448732caabdaf27c2f739a568a53c5434c47
hy_vla,place_relative,5,100033,back,failure,0,400,400,action_limit,"Use the right arm to pick up the red stapler, set it behind the brown coffee-box",reused,hy_vla/place_relative/place_relative_ep100033_result.json,7b54f73e8aae7fd7109531f6fc9e108406e187cc9306ea61e596f1c0c84a10f8
hy_vla,place_relative,6,100042,front,failure,0,400,400,action_limit,"Use the left arm to pick up the red can, set it in front of the brown coffee-box",reused,hy_vla/place_relative/place_relative_ep100042_result.json,459bc8ed1e3bef79a3c6525c5cce4c353d496636f9d46e450fd5a19a598df212
hy_vla,place_relative,6,100043,back,failure,0,400,400,action_limit,Use the left arm to grab the red can and place it behind the brown coffee-box,reused,hy_vla/place_relative/place_relative_ep100043_result.json,2aacd1d5659e893e7a05f7b0fd868eadca622e64be553c7720a32b7f2c32f62a
hy_vla,place_relative,7,100047,front,failure,0,400,400,action_limit,Use the left arm to grab the blue soap and place it in front of the brown coffee-box,reused,hy_vla/place_relative/place_relative_ep100047_result.json,4de37b06568510bfd9f709ed800104e8efec2c49cb985de505832a502b9a423d
hy_vla,place_relative,7,100048,back,failure,0,400,400,action_limit,Grab the blue soap and set it behind the brown coffee-box,reused,hy_vla/place_relative/place_relative_ep100048_result.json,e98b1c4d6356366af99d8934aadc1e7bc3598c4a5d126672def7a225a244613d
hy_vla,place_relative,8,100052,front,failure,0,400,400,action_limit,Use the right arm to grab the gray mouse and place it in front of the red tea-box,reused,hy_vla/place_relative/place_relative_ep100052_result.json,3ccc64ff53f9a54f783f40baf0aa64ebfc60fbb29cdf185a17a959d2fcebd0ac
hy_vla,place_relative,8,100053,back,failure,0,400,400,action_limit,Use the right arm to grab the gray mouse and place it behind the red tea-box,reused,hy_vla/place_relative/place_relative_ep100053_result.json,59eec9f712ff6b8180e8df247daf66ee25cb13dcdb13a01708cabb206ff48889
hy_vla,place_relative,9,100057,front,failure,0,400,400,action_limit,"Use the left arm to pick up the green toycar, set it in front of the red tea-box",reused,hy_vla/place_relative/place_relative_ep100057_result.json,1d19a036d170bbab5ee38c8d06f8c35d25f119131e33ff80105b55ba2e3da3ec
hy_vla,place_relative,9,100058,back,failure,0,400,400,action_limit,Use the left arm to grab the green toycar and place it behind the red tea-box,reused,hy_vla/place_relative/place_relative_ep100058_result.json,f75931c5d964729f0699d5652bd8b89c2be9d75c59866a6bdd6ffc1f4c34c399
hy_vla,place_relative,10,100062,front,failure,0,400,400,action_limit,Relocate the red stapler in front of the red tea-box,reused,hy_vla/place_relative/place_relative_ep100062_result.json,b3fe331d0917dd1a37416b7079c2edd8f43c9e023814d44f8dd1dafc346f30fe
hy_vla,place_relative,10,100063,back,failure,0,400,400,action_limit,"Use the left arm to pick up the red stapler, set it behind the red tea-box",reused,hy_vla/place_relative/place_relative_ep100063_result.json,7edc5be15f0ae45e35d48d4aa4a3e96e418e1e9fe37196920c1c2c1c61725a4f
hy_vla,place_relative,11,100067,front,failure,0,400,400,action_limit,Pick up the black remotecontrol and move it in front of the red tea-box,reused,hy_vla/place_relative/place_relative_ep100067_result.json,0f10f4b0a4d657e9ac2465202d0da4e995ea7d33b03a24ec53be96f8fc33f526
hy_vla,place_relative,11,100068,back,failure,0,400,400,action_limit,Use the left arm to grab the black remotecontrol and place it behind the red tea-box,reused,hy_vla/place_relative/place_relative_ep100068_result.json,7bf25f0a97acd52e9acba4fa19e73f582670ecd7f401e69866317aebc928bd3d
hy_vla,place_relative,12,100072,front,failure,0,400,400,action_limit,Grab the red can and set it in front of the red tea-box,new,hy_vla/place_relative/place_relative_ep100072_result.json,c06423bfa1c76bcb60d09642046eb866cd0cf030b0446114a8b2bf800ecda3cc
hy_vla,place_relative,12,100073,back,failure,0,400,400,action_limit,Lift the red can and set it behind the red tea-box,new,hy_vla/place_relative/place_relative_ep100073_result.json,6d9587ae7dc5deba1a4227d4fdd2957faab7855e8ebc5d0f3e5ffea3e988112a
hy_vla,place_relative,13,100077,front,failure,0,400,400,action_limit,Lift the blue soap and set it in front of the red tea-box,new,hy_vla/place_relative/place_relative_ep100077_result.json,6b035a27bedeb738c3ad5d71b7f6783131a3b059ac07a71ac7d4ad2e5595abbf
hy_vla,place_relative,13,100078,back,failure,0,400,400,action_limit,Pick up the blue soap and move it behind the red tea-box,new,hy_vla/place_relative/place_relative_ep100078_result.json,957b2b1b09bb9f62a16fbe9aa0dd164cfa569b515e4cf36dd5982a8544c389a8
hy_vla,place_relative,14,100082,front,failure,0,400,400,action_limit,"Use the left arm to pick up the gray mouse, set it in front of the brown coffee-box",new,hy_vla/place_relative/place_relative_ep100082_result.json,45209a4df754cd6aed4ac93ba8dc2c390df54d7c9099c51a9e7ad0f74f4b9615
hy_vla,place_relative,14,100083,back,failure,0,400,400,action_limit,Use the left arm to grab the gray mouse and place it behind the brown coffee-box,new,hy_vla/place_relative/place_relative_ep100083_result.json,9619e0986a572fe34b03a072ddf548dfe9ab0f2197e81a4848c642af5db0f800
hy_vla,place_relative,15,100087,front,failure,0,400,400,action_limit,Grab the green toycar and set it in front of the brown coffee-box,new,hy_vla/place_relative/place_relative_ep100087_result.json,29efc97a22094ccebead9d0bbbe74215c6a2a35aa928f39f4cd316203a39f84f
hy_vla,place_relative,15,100088,back,failure,0,400,400,action_limit,Pick up the green toycar and move it behind the brown coffee-box,new,hy_vla/place_relative/place_relative_ep100088_result.json,95f868bfa193046ca61e673864fdacfccabd6aaafe3b6a21996d8e6309787784
hy_vla,place_relative,16,100097,front,failure,0,400,400,action_limit,Lift the black remotecontrol and set it in front of the brown coffee-box,new,hy_vla/place_relative/place_relative_ep100097_result.json,5025bb5dc12a60fba37482c8abc2fd5d19b15019b6fcb4206cb9e8b1311ebf38
hy_vla,place_relative,16,100098,back,failure,0,400,400,action_limit,Use the right arm to grab the black remotecontrol and place it behind the brown coffee-box,new,hy_vla/place_relative/place_relative_ep100098_result.json,91f4b08940b6a018bae89a1f3ce551f1aa30f0969b8b6821f9d9c946d786d746
hy_vla,place_relative,17,100102,front,failure,0,400,400,action_limit,Use the right arm to grab the red can and place it in front of the brown coffee-box,new,hy_vla/place_relative/place_relative_ep100102_result.json,6f72321cc81d9979fbb80afeeb62cc6e0233ae7cfeadc51d66467d5775129817
hy_vla,place_relative,17,100103,back,failure,0,400,400,action_limit,Pick up the red can and move it behind the brown coffee-box,new,hy_vla/place_relative/place_relative_ep100103_result.json,2b83298542b4d018e4fe198bce01f7bcb02e918852c088f137f7de66060a1fe5
hy_vla,place_relative,18,100107,front,failure,0,400,400,action_limit,Use the right arm to grab the blue soap and place it in front of the brown coffee-box,new,hy_vla/place_relative/place_relative_ep100107_result.json,a20289e778f10030c76409dc8e452cc6205ba7527939be5392e0c7851a6f6f9f
hy_vla,place_relative,18,100108,back,failure,0,400,400,action_limit,Grab the blue soap and set it behind the brown coffee-box,new,hy_vla/place_relative/place_relative_ep100108_result.json,a43b83acd317b6733e6231cc8e278e9f6a5b625ade5f275c605052c9f1f82a99
hy_vla,place_relative,19,100112,front,failure,0,400,400,action_limit,Relocate the gray mouse in front of the red tea-box,new,hy_vla/place_relative/place_relative_ep100112_result.json,fbed23eb39b9930888ee5bbeeb3e0a940d6080d3269442d7f52b85f99c5c1b28
hy_vla,place_relative,19,100113,back,failure,0,400,400,action_limit,Lift the gray mouse and set it behind the red tea-box,new,hy_vla/place_relative/place_relative_ep100113_result.json,8853698a20981a5a96c9b85787e2459899fee79bc4610fbc33d0988208c165e0
