policy,seed,mode,previous_success,success,arm_match,lifted,first_lifted_arm,wrong_arm_lifted_ever,first_wrong_arm_lift_action,lift_m,dist_cmd_tcp,dist_other_tcp,video
xvla,500000,left,1,1,True,True,left,False,,0.05006664991378784,0.13942875734413573,0.445813919874595,xvla/arm_select/arm_select_ep500000_1.mp4
xvla,500001,right,0,0,False,False,,False,,1.1920928955078125e-07,0.20920071672992308,0.431638874934269,xvla/arm_select/arm_select_ep500001_0.mp4
xvla,500002,left,0,0,False,False,,False,,-5.960464477539063e-08,0.42556730569920276,0.1486262474586303,xvla/arm_select/arm_select_ep500002_0.mp4
xvla,500003,right,0,0,True,False,,False,,0.0,0.19974534088380358,0.42697164466545706,xvla/arm_select/arm_select_ep500003_0.mp4
xvla,500004,left,0,0,True,False,,False,,2.384185791015625e-07,0.14464898262185727,0.4771152681153766,xvla/arm_select/arm_select_ep500004_0.mp4
xvla,500005,right,0,0,False,False,,False,,2.384185791015625e-07,0.46486573330847497,0.18514440208002347,xvla/arm_select/arm_select_ep500005_0.mp4
xvla,500006,left,1,0,True,False,,False,,-5.960464477539063e-08,0.17046669392907446,0.4544688154283173,xvla/arm_select/arm_select_ep500006_0.mp4
xvla,500007,right,0,0,False,False,,False,,5.960464477539063e-08,0.42671164310002757,0.14885804356346521,xvla/arm_select/arm_select_ep500007_0.mp4
xvla,500008,left,0,0,False,False,,False,,5.960464477539063e-08,0.4297345511165122,0.14920230108399046,xvla/arm_select/arm_select_ep500008_0.mp4
xvla,500009,right,0,0,True,False,,False,,-1.1920928955078125e-07,0.14711383484773582,0.4427466040117292,xvla/arm_select/arm_select_ep500009_0.mp4
xvla,500010,left,1,0,True,False,,False,,1.7881393432617188e-07,0.18195957539277652,0.4622790355402173,xvla/arm_select/arm_select_ep500010_0.mp4
xvla,500011,right,0,0,False,False,,False,,-1.7881393432617188e-07,0.4298676411897199,0.14737530136134036,xvla/arm_select/arm_select_ep500011_0.mp4
xvla,500012,left,0,0,False,False,,False,,-1.1920928955078125e-07,0.4292902151802289,0.2189641370356175,xvla/arm_select/arm_select_ep500012_0.mp4
xvla,500013,right,0,0,True,False,,False,,1.1920928955078125e-07,0.18911796864724945,0.48573158244231596,xvla/arm_select/arm_select_ep500013_0.mp4
xvla,500014,left,0,0,False,False,right,True,96,4.172325134277344e-07,0.38116238562867333,0.23164406603464643,xvla/arm_select/arm_select_ep500014_0.mp4
xvla,500015,right,1,1,True,True,right,False,,0.05016636848449707,0.1389052290514878,0.4241261922239422,xvla/arm_select/arm_select_ep500015_1.mp4
xvla,500016,left,1,1,True,True,left,False,,0.05014157295227051,0.1324260626257116,0.4333092672315476,xvla/arm_select/arm_select_ep500016_1.mp4
xvla,500017,right,0,0,False,False,left,True,96,1.7881393432617188e-07,0.4330633789818381,0.1442324163614362,xvla/arm_select/arm_select_ep500017_0.mp4
xvla,500018,left,0,0,False,False,,False,,1.7881393432617188e-07,0.447587885348438,0.2100134067199513,xvla/arm_select/arm_select_ep500018_0.mp4
xvla,500019,right,0,0,True,False,,False,,0.0,0.1479217807039722,0.41937258353835494,xvla/arm_select/arm_select_ep500019_0.mp4
xvla,500020,left,0,0,False,False,right,True,96,-2.384185791015625e-07,0.40924252997218735,0.2556390978672574,xvla/arm_select/arm_select_ep500020_0.mp4
xvla,500021,right,1,1,True,True,right,False,,0.05003780126571655,0.13757369201349978,0.4119962784888822,xvla/arm_select/arm_select_ep500021_1.mp4
xvla,500022,left,0,0,True,False,,False,,0.0,0.14860073778647662,0.44558803603694747,xvla/arm_select/arm_select_ep500022_0.mp4
xvla,500023,right,0,0,False,False,,False,,0.0,0.4303791337829763,0.20451289394826966,xvla/arm_select/arm_select_ep500023_0.mp4
xvla,500024,left,0,0,True,False,,False,,1.7881393432617188e-07,0.1479254151917253,0.47557262997964267,xvla/arm_select/arm_select_ep500024_0.mp4
xvla,500025,right,0,0,False,False,,False,,0.0,0.3550563883698259,0.22563321234721873,xvla/arm_select/arm_select_ep500025_0.mp4
xvla,500026,left,0,0,False,False,right,True,96,2.980232238769531e-07,0.41108502733049335,0.20803027286538125,xvla/arm_select/arm_select_ep500026_0.mp4
xvla,500027,right,0,0,True,False,,False,,2.980232238769531e-07,0.19372675970175643,0.44428015878352634,xvla/arm_select/arm_select_ep500027_0.mp4
xvla,500028,left,0,0,True,False,,False,,5.960464477539063e-08,0.1553109340441474,0.46260043300674203,xvla/arm_select/arm_select_ep500028_0.mp4
xvla,500029,right,0,0,False,False,,False,,1.1920928955078125e-07,0.4466913448144714,0.14471334943722813,xvla/arm_select/arm_select_ep500029_0.mp4
xvla,500030,left,0,0,False,False,,False,,1.1920928955078125e-07,0.42600195139707264,0.22295599098145344,xvla/arm_select/arm_select_ep500030_0.mp4
xvla,500031,right,0,0,False,False,,False,,1.1920928955078125e-07,0.22826795505005942,0.46679864437321533,xvla/arm_select/arm_select_ep500031_0.mp4
xvla,500032,left,0,0,False,False,,False,,1.1920928955078125e-07,0.40880093119286487,0.22065889942587052,xvla/arm_select/arm_select_ep500032_0.mp4
xvla,500033,right,0,0,True,False,,False,,5.960464477539063e-08,0.19086837177243227,0.39640781035404726,xvla/arm_select/arm_select_ep500033_0.mp4
xvla,500034,left,1,0,True,False,,False,,0.0,0.1600107675474735,0.4699984898500137,xvla/arm_select/arm_select_ep500034_0.mp4
xvla,500035,right,0,0,False,False,,False,,1.7881393432617188e-07,0.4423906201184453,0.21448574211676963,xvla/arm_select/arm_select_ep500035_0.mp4
xvla,500036,left,0,0,False,False,,False,,5.960464477539063e-08,0.4219781007106399,0.14945632087455668,xvla/arm_select/arm_select_ep500036_0.mp4
xvla,500037,right,0,0,True,False,,False,,-5.960464477539063e-08,0.13930138377952078,0.422042828346725,xvla/arm_select/arm_select_ep500037_0.mp4
xvla,500038,left,0,0,False,False,right,True,96,1.1920928955078125e-07,0.39154216319551893,0.2111045789866119,xvla/arm_select/arm_select_ep500038_0.mp4
xvla,500039,right,1,1,True,True,right,False,,0.05012232065200806,0.14132661879149602,0.399903835708132,xvla/arm_select/arm_select_ep500039_1.mp4
lingbot_va,500000,left,1,1,True,True,left,False,,0.05000507831573486,0.13500025646965894,0.4105634661232108,lingbot_va/arm_select/arm_select_ep500000_1.mp4
lingbot_va,500001,right,1,1,True,True,right,False,,0.0500105619430542,0.13257312263560067,0.39581710827593,lingbot_va/arm_select/arm_select_ep500001_1.mp4
lingbot_va,500002,left,0,0,True,False,,False,,1.1920928955078125e-07,0.1398804454511766,0.3527278628009841,lingbot_va/arm_select/arm_select_ep500002_0.mp4
lingbot_va,500003,right,1,1,True,True,right,False,,0.05004465579986572,0.13241973072137872,0.4251630914596591,lingbot_va/arm_select/arm_select_ep500003_1.mp4
lingbot_va,500004,left,1,1,True,True,left,False,,0.05005061626434326,0.13060568102414025,0.4385215911520107,lingbot_va/arm_select/arm_select_ep500004_1.mp4
lingbot_va,500005,right,1,1,True,True,right,False,,0.05013376474380493,0.13082162210853984,0.38470757273480105,lingbot_va/arm_select/arm_select_ep500005_1.mp4
lingbot_va,500006,left,1,1,True,True,left,False,,0.050127387046813965,0.13486147402268167,0.4210307519479916,lingbot_va/arm_select/arm_select_ep500006_1.mp4
lingbot_va,500007,right,1,1,True,True,right,False,,0.05006146430969238,0.13371355460280832,0.40090103213102185,lingbot_va/arm_select/arm_select_ep500007_1.mp4
lingbot_va,500008,left,1,1,True,True,left,False,,0.05007040500640869,0.13055644277513603,0.3957815440813103,lingbot_va/arm_select/arm_select_ep500008_1.mp4
lingbot_va,500009,right,1,1,True,True,right,False,,0.05007141828536987,0.13291496434770866,0.41657048596486324,lingbot_va/arm_select/arm_select_ep500009_1.mp4
lingbot_va,500010,left,1,1,True,True,left,False,,0.05005091428756714,0.1328269046484058,0.4289771973559769,lingbot_va/arm_select/arm_select_ep500010_1.mp4
lingbot_va,500011,right,1,1,True,True,right,False,,0.050050318241119385,0.13120161528777466,0.38373518334700213,lingbot_va/arm_select/arm_select_ep500011_1.mp4
lingbot_va,500012,left,0,0,False,True,right,True,95,0.06529057025909424,0.3825570227145912,0.1523845486517053,lingbot_va/arm_select/arm_select_ep500012_0.mp4
lingbot_va,500013,right,1,1,True,True,right,False,,0.05004167556762695,0.13425843303411295,0.4049718762734003,lingbot_va/arm_select/arm_select_ep500013_1.mp4
lingbot_va,500014,left,1,1,True,True,left,False,,0.05004078149795532,0.1308192736793049,0.38221217141313046,lingbot_va/arm_select/arm_select_ep500014_1.mp4
lingbot_va,500015,right,1,1,True,True,right,False,,0.05002152919769287,0.13059458734479767,0.4330084689152261,lingbot_va/arm_select/arm_select_ep500015_1.mp4
lingbot_va,500016,left,1,1,True,True,left,False,,0.05004096031188965,0.1319456324754243,0.4207283979817244,lingbot_va/arm_select/arm_select_ep500016_1.mp4
lingbot_va,500017,right,1,1,True,True,right,False,,0.0501057505607605,0.13321022124353132,0.3863963670557192,lingbot_va/arm_select/arm_select_ep500017_1.mp4
lingbot_va,500018,left,1,1,True,True,left,False,,0.05013054609298706,0.13200543790424782,0.4123420288875281,lingbot_va/arm_select/arm_select_ep500018_1.mp4
lingbot_va,500019,right,1,1,True,True,right,False,,0.050050973892211914,0.13180575159930522,0.41468427481493436,lingbot_va/arm_select/arm_select_ep500019_1.mp4
lingbot_va,500020,left,1,1,True,True,left,False,,0.050021350383758545,0.13078283647648914,0.3868919381088983,lingbot_va/arm_select/arm_select_ep500020_1.mp4
lingbot_va,500021,right,1,1,True,True,right,False,,0.050079941749572754,0.13023586125185482,0.41926162124070976,lingbot_va/arm_select/arm_select_ep500021_1.mp4
lingbot_va,500022,left,1,1,True,True,left,False,,0.050109028816223145,0.13250504935703145,0.4356950339081913,lingbot_va/arm_select/arm_select_ep500022_1.mp4
lingbot_va,500023,right,1,1,True,True,right,False,,0.05001276731491089,0.13438457918374153,0.3784005760871767,lingbot_va/arm_select/arm_select_ep500023_1.mp4
lingbot_va,500024,left,1,1,True,True,left,False,,0.05004245042800903,0.13399167969119813,0.41945153892111914,lingbot_va/arm_select/arm_select_ep500024_1.mp4
lingbot_va,500025,right,1,1,True,True,right,False,,0.05006033182144165,0.1323118392389292,0.4004863418480776,lingbot_va/arm_select/arm_select_ep500025_1.mp4
lingbot_va,500026,left,1,1,True,True,left,False,,0.050009727478027344,0.1323146093349885,0.3903225932161442,lingbot_va/arm_select/arm_select_ep500026_1.mp4
lingbot_va,500027,right,1,1,True,True,right,False,,0.050041139125823975,0.13452022193637284,0.4309119296341397,lingbot_va/arm_select/arm_select_ep500027_1.mp4
lingbot_va,500028,left,1,1,True,True,left,False,,0.050028443336486816,0.1317055345652811,0.42181373552080825,lingbot_va/arm_select/arm_select_ep500028_1.mp4
lingbot_va,500029,right,1,1,True,True,right,False,,0.050080060958862305,0.1332384877177358,0.3953320607006802,lingbot_va/arm_select/arm_select_ep500029_1.mp4
lingbot_va,500030,left,1,1,True,True,left,False,,0.05002683401107788,0.1341769915513103,0.40847275553025897,lingbot_va/arm_select/arm_select_ep500030_1.mp4
lingbot_va,500031,right,1,1,True,True,right,False,,0.050024449825286865,0.13190063947983632,0.40565036129727516,lingbot_va/arm_select/arm_select_ep500031_1.mp4
lingbot_va,500032,left,1,1,True,True,left,False,,0.05005115270614624,0.1308116395853278,0.40564148261421284,lingbot_va/arm_select/arm_select_ep500032_1.mp4
lingbot_va,500033,right,1,1,True,True,right,False,,0.050031065940856934,0.1328732537942325,0.4181133725265939,lingbot_va/arm_select/arm_select_ep500033_1.mp4
lingbot_va,500034,left,1,1,True,True,left,False,,0.05012863874435425,0.13177900017284128,0.44240691677037947,lingbot_va/arm_select/arm_select_ep500034_1.mp4
lingbot_va,500035,right,1,0,False,False,left,True,82,2.384185791015625e-07,0.4495312859719864,0.19404420969157815,lingbot_va/arm_select/arm_select_ep500035_0.mp4
lingbot_va,500036,left,1,1,True,True,left,False,,0.05007326602935791,0.13701156971410844,0.4050398330771373,lingbot_va/arm_select/arm_select_ep500036_1.mp4
lingbot_va,500037,right,1,1,True,True,right,False,,0.05010867118835449,0.1355972589485391,0.4037775418932264,lingbot_va/arm_select/arm_select_ep500037_1.mp4
lingbot_va,500038,left,1,1,True,True,left,False,,0.0500713586807251,0.13352272007897892,0.4059536050250036,lingbot_va/arm_select/arm_select_ep500038_1.mp4
lingbot_va,500039,right,1,1,True,True,right,False,,0.05013924837112427,0.1348855909654118,0.41579708708098667,lingbot_va/arm_select/arm_select_ep500039_1.mp4
lingbot_vla,500000,left,0,0,False,False,,False,,5.960464477539063e-08,0.24855337837598432,0.4464100313636384,lingbot_vla/arm_select/arm_select_ep500000_0.mp4
lingbot_vla,500001,right,0,0,False,False,,False,,-5.960464477539063e-08,0.4516333881545358,0.19543427972453334,lingbot_vla/arm_select/arm_select_ep500001_0.mp4
lingbot_vla,500002,left,0,0,False,False,right,True,82,-1.1920928955078125e-07,0.3680712867825792,0.22507780341492642,lingbot_vla/arm_select/arm_select_ep500002_0.mp4
lingbot_vla,500003,right,1,1,True,True,right,False,,0.05008721351623535,0.13058996651139404,0.43666482128596845,lingbot_vla/arm_select/arm_select_ep500003_1.mp4
lingbot_vla,500004,left,1,1,True,True,left,False,,0.05023425817489624,0.13072919422852577,0.45179007961675915,lingbot_vla/arm_select/arm_select_ep500004_1.mp4
lingbot_vla,500005,right,0,0,False,True,left,True,81,0.07428759336471558,0.4525208296502987,0.1347515341735414,lingbot_vla/arm_select/arm_select_ep500005_0.mp4
lingbot_vla,500006,left,1,1,True,True,left,False,,0.05000042915344238,0.13068383955829402,0.44002688680998253,lingbot_vla/arm_select/arm_select_ep500006_1.mp4
lingbot_vla,500007,right,0,0,False,False,left,True,80,-5.960464477539063e-08,0.40986801247108506,0.22911279362514994,lingbot_vla/arm_select/arm_select_ep500007_0.mp4
lingbot_vla,500008,left,0,0,False,False,right,True,81,1.1920928955078125e-07,0.41782251972080464,0.17636762005245196,lingbot_vla/arm_select/arm_select_ep500008_0.mp4
lingbot_vla,500009,right,1,1,True,True,right,False,,0.05020171403884888,0.13065438379523603,0.42146069290704474,lingbot_vla/arm_select/arm_select_ep500009_1.mp4
lingbot_vla,500010,left,1,1,True,True,left,False,,0.05003178119659424,0.13069035194681675,0.44731890453932477,lingbot_vla/arm_select/arm_select_ep500010_1.mp4
lingbot_vla,500011,right,0,0,False,True,left,True,81,0.07542657852172852,0.4587633579262834,0.13179030161134034,lingbot_vla/arm_select/arm_select_ep500011_0.mp4
lingbot_vla,500012,left,0,0,False,False,right,True,83,5.960464477539063e-08,0.401266967849581,0.17326286385860318,lingbot_vla/arm_select/arm_select_ep500012_0.mp4
lingbot_vla,500013,right,1,1,True,True,right,False,,0.050071775913238525,0.13104816504780722,0.4144594659731826,lingbot_vla/arm_select/arm_select_ep500013_1.mp4
lingbot_vla,500014,left,0,0,False,False,right,True,81,1.7881393432617188e-07,0.39688568467413443,0.20949415218348313,lingbot_vla/arm_select/arm_select_ep500014_0.mp4
lingbot_vla,500015,right,1,1,True,True,right,False,,0.05005455017089844,0.1306832062950317,0.4344455744008995,lingbot_vla/arm_select/arm_select_ep500015_1.mp4
lingbot_vla,500016,left,1,1,True,True,left,False,,0.05006146430969238,0.1306602113950284,0.4309030980808802,lingbot_vla/arm_select/arm_select_ep500016_1.mp4
lingbot_vla,500017,right,0,0,False,True,left,True,80,0.07736998796463013,0.43178412879276934,0.1308281238638574,lingbot_vla/arm_select/arm_select_ep500017_0.mp4
lingbot_vla,500018,left,0,0,False,False,,False,,0.0166587233543396,0.4431662213941584,0.13510568141241064,lingbot_vla/arm_select/arm_select_ep500018_0.mp4
lingbot_vla,500019,right,1,1,True,True,right,False,,0.050254762172698975,0.13071640758393266,0.5644790744349252,lingbot_vla/arm_select/arm_select_ep500019_1.mp4
lingbot_vla,500020,left,0,0,False,False,right,True,82,-1.7881393432617188e-07,0.38244488823201545,0.20016666254938978,lingbot_vla/arm_select/arm_select_ep500020_0.mp4
lingbot_vla,500021,right,1,1,True,True,right,False,,0.05003559589385986,0.1306621875718702,0.4210432297467429,lingbot_vla/arm_select/arm_select_ep500021_1.mp4
lingbot_vla,500022,left,1,1,True,True,left,False,,0.05003291368484497,0.13049951003667298,0.4479943276713122,lingbot_vla/arm_select/arm_select_ep500022_1.mp4
lingbot_vla,500023,right,0,0,False,False,left,True,80,0.0,0.3843804552674415,0.23802014027796345,lingbot_vla/arm_select/arm_select_ep500023_0.mp4
lingbot_vla,500024,left,0,0,True,False,,False,,5.960464477539063e-08,0.18742239637274583,0.43286759241628886,lingbot_vla/arm_select/arm_select_ep500024_0.mp4
lingbot_vla,500025,right,0,0,False,True,left,True,80,0.07816189527511597,0.43624023798589406,0.13096727730241756,lingbot_vla/arm_select/arm_select_ep500025_0.mp4
lingbot_vla,500026,left,0,0,False,False,right,True,81,0.0002149343490600586,0.37782066503094225,0.18002959694919357,lingbot_vla/arm_select/arm_select_ep500026_0.mp4
lingbot_vla,500027,right,1,1,True,True,right,False,,0.050147950649261475,0.13042954257120146,0.4352766884640144,lingbot_vla/arm_select/arm_select_ep500027_1.mp4
lingbot_vla,500028,left,1,1,True,True,left,False,,0.050105512142181396,0.1306469713220067,0.4410284388822059,lingbot_vla/arm_select/arm_select_ep500028_1.mp4
lingbot_vla,500029,right,0,0,False,True,left,True,81,0.07943832874298096,0.45485387336217287,0.1348569545031578,lingbot_vla/arm_select/arm_select_ep500029_0.mp4
lingbot_vla,500030,left,0,0,True,False,,False,,2.980232238769531e-07,0.1458564453610089,0.42007639423408616,lingbot_vla/arm_select/arm_select_ep500030_0.mp4
lingbot_vla,500031,right,1,1,True,True,right,False,,0.050077974796295166,0.13096047840962333,0.41799268089202796,lingbot_vla/arm_select/arm_select_ep500031_1.mp4
lingbot_vla,500032,left,0,0,False,False,right,True,82,0.00011777877807617188,0.34791586557631776,0.18074222963894715,lingbot_vla/arm_select/arm_select_ep500032_0.mp4
lingbot_vla,500033,right,1,1,True,True,right,False,,0.050008177757263184,0.13091524956630224,0.4286371489627163,lingbot_vla/arm_select/arm_select_ep500033_1.mp4
lingbot_vla,500034,left,1,1,True,True,left,False,,0.05010426044464111,0.13076926829256325,0.46151084401585285,lingbot_vla/arm_select/arm_select_ep500034_1.mp4
lingbot_vla,500035,right,0,0,False,False,left,True,80,-1.1920928955078125e-07,0.3772469928425742,0.23778214916360169,lingbot_vla/arm_select/arm_select_ep500035_0.mp4
lingbot_vla,500036,left,0,0,False,False,right,True,81,5.960464477539063e-08,0.37964525740220056,0.20412425552736013,lingbot_vla/arm_select/arm_select_ep500036_0.mp4
lingbot_vla,500037,right,1,1,True,True,right,False,,0.05006498098373413,0.13062934155517336,0.41465009427633276,lingbot_vla/arm_select/arm_select_ep500037_1.mp4
lingbot_vla,500038,left,0,0,False,False,right,True,82,0.0,0.3566817522961644,0.22747284387719102,lingbot_vla/arm_select/arm_select_ep500038_0.mp4
lingbot_vla,500039,right,1,1,True,True,right,False,,0.050008535385131836,0.13043307894976264,0.41688640096785434,lingbot_vla/arm_select/arm_select_ep500039_1.mp4
vlact,500000,left,1,1,True,True,left,False,,0.050076186656951904,0.14191332966285863,0.4228736802852867,vlact/arm_select/arm_select_ep500000_1.mp4
vlact,500001,right,1,1,True,True,right,False,,0.05003464221954346,0.1398666837715976,0.3908553498825671,vlact/arm_select/arm_select_ep500001_1.mp4
vlact,500002,left,0,0,False,False,right,True,112,-1.1920928955078125e-07,0.20644227166631318,0.45535725536180954,vlact/arm_select/arm_select_ep500002_0.mp4
vlact,500003,right,1,1,True,True,right,False,,0.050045132637023926,0.14560094669324983,0.44540154776676905,vlact/arm_select/arm_select_ep500003_1.mp4
vlact,500004,left,1,1,True,True,left,False,,0.05002862215042114,0.13257205409402434,0.45227439472354103,vlact/arm_select/arm_select_ep500004_1.mp4
vlact,500005,right,0,0,False,False,left,True,94,0.0010303854942321777,0.4726956430220436,0.18445622391217287,vlact/arm_select/arm_select_ep500005_0.mp4
vlact,500006,left,1,1,True,True,left,False,,0.05003422498703003,0.1340723308423117,0.42825280242166064,vlact/arm_select/arm_select_ep500006_1.mp4
vlact,500007,right,0,0,False,False,left,True,363,0.0335811972618103,0.45778654002841906,0.13059551725163848,vlact/arm_select/arm_select_ep500007_0.mp4
vlact,500008,left,1,1,True,True,left,False,,0.05001652240753174,0.131650985548341,0.4010766492754532,vlact/arm_select/arm_select_ep500008_1.mp4
vlact,500009,right,1,1,True,True,right,False,,0.05016183853149414,0.1302620333009767,0.41318272412295026,vlact/arm_select/arm_select_ep500009_1.mp4
vlact,500010,left,1,1,True,True,left,False,,0.05001479387283325,0.15109109834709877,0.4696707038469777,vlact/arm_select/arm_select_ep500010_1.mp4
vlact,500011,right,0,0,False,False,,False,,1.1920928955078125e-07,0.22495221785803934,0.3499042833578192,vlact/arm_select/arm_select_ep500011_0.mp4
vlact,500012,left,1,1,True,True,left,False,,0.05004018545150757,0.13039724910044265,0.4168189927022211,vlact/arm_select/arm_select_ep500012_1.mp4
vlact,500013,right,0,0,False,False,,False,,0.0,0.2981035487961981,0.3663361264606848,vlact/arm_select/arm_select_ep500013_0.mp4
vlact,500014,left,0,0,False,False,right,True,96,2.384185791015625e-07,0.31726375581874267,0.44918836516082716,vlact/arm_select/arm_select_ep500014_0.mp4
vlact,500015,right,1,1,True,True,right,False,,0.05002838373184204,0.13200279251967145,0.42843556287679446,vlact/arm_select/arm_select_ep500015_1.mp4
vlact,500016,left,1,1,True,True,left,False,,0.05001938343048096,0.14336365441656407,0.43114450641693947,vlact/arm_select/arm_select_ep500016_1.mp4
vlact,500017,right,1,1,True,True,right,False,,0.050030410289764404,0.13401231887456744,0.3882952190756703,vlact/arm_select/arm_select_ep500017_1.mp4
vlact,500018,left,1,1,True,True,left,False,,0.05011582374572754,0.13204350460903092,0.4254530932761204,vlact/arm_select/arm_select_ep500018_1.mp4
vlact,500019,right,1,1,True,True,right,False,,0.050035059452056885,0.1299851845751099,0.41198112352106936,vlact/arm_select/arm_select_ep500019_1.mp4
vlact,500020,left,0,0,False,False,right,True,107,5.960464477539063e-08,0.3790767215616208,0.15382508770717046,vlact/arm_select/arm_select_ep500020_0.mp4
vlact,500021,right,1,1,True,True,right,False,,0.05006605386734009,0.13254243897919588,0.4145413102592543,vlact/arm_select/arm_select_ep500021_1.mp4
vlact,500022,left,1,1,True,True,left,False,,0.05005919933319092,0.13001769344789954,0.4396960484775478,vlact/arm_select/arm_select_ep500022_1.mp4
vlact,500023,right,1,1,True,True,right,False,,0.05007845163345337,0.128901344562505,0.3757085812510504,vlact/arm_select/arm_select_ep500023_1.mp4
vlact,500024,left,1,1,True,True,left,False,,0.05014318227767944,0.1406202066938732,0.4280286574180392,vlact/arm_select/arm_select_ep500024_1.mp4
vlact,500025,right,1,1,True,True,right,False,,0.05008506774902344,0.13297334455190804,0.40014217223562343,vlact/arm_select/arm_select_ep500025_1.mp4
vlact,500026,left,0,0,False,False,right,True,95,1.7881393432617188e-07,0.32888385138835813,0.2074375697055746,vlact/arm_select/arm_select_ep500026_0.mp4
vlact,500027,right,1,1,True,True,right,False,,0.050111353397369385,0.13317115959438977,0.4311978265217182,vlact/arm_select/arm_select_ep500027_1.mp4
vlact,500028,left,1,1,True,True,left,False,,0.050004422664642334,0.13294519198795643,0.4342690527336205,vlact/arm_select/arm_select_ep500028_1.mp4
vlact,500029,right,1,1,True,True,right,False,,0.050087809562683105,0.13036350445758918,0.39896500230150467,vlact/arm_select/arm_select_ep500029_1.mp4
vlact,500030,left,1,1,True,True,left,False,,0.050022006034851074,0.13331600337112504,0.43816217799201596,vlact/arm_select/arm_select_ep500030_1.mp4
vlact,500031,right,0,0,False,False,,False,,2.384185791015625e-07,0.20673975681093323,0.36961541397354625,vlact/arm_select/arm_select_ep500031_0.mp4
vlact,500032,left,1,1,True,True,left,False,,0.050099730491638184,0.1317992596517205,0.41921741208536795,vlact/arm_select/arm_select_ep500032_1.mp4
vlact,500033,right,0,0,True,False,,False,,0.0,0.14970007885128994,0.42593348430237915,vlact/arm_select/arm_select_ep500033_0.mp4
vlact,500034,left,1,1,True,True,left,False,,0.05007368326187134,0.13056462903573862,0.45105874905217214,vlact/arm_select/arm_select_ep500034_1.mp4
vlact,500035,right,0,0,False,False,left,True,74,-5.960464477539063e-08,0.46439381980638805,0.14316469025866485,vlact/arm_select/arm_select_ep500035_0.mp4
vlact,500036,left,1,1,True,True,left,False,,0.05006563663482666,0.14125109108071407,0.4095530276046376,vlact/arm_select/arm_select_ep500036_1.mp4
vlact,500037,right,1,1,True,True,right,False,,0.050048768520355225,0.13062977866752173,0.4505395163851177,vlact/arm_select/arm_select_ep500037_1.mp4
vlact,500038,left,1,1,True,True,left,False,,0.0500028133392334,0.12750405400831455,0.4104469519745106,vlact/arm_select/arm_select_ep500038_1.mp4
vlact,500039,right,1,1,True,True,right,False,,0.05018216371536255,0.13177911057095312,0.4126932417903075,vlact/arm_select/arm_select_ep500039_1.mp4
dm05,500000,left,1,1,True,True,left,False,,0.05005913972854614,0.13285781470516547,0.42931951789759587,dm05/arm_select/arm_select_ep500000_1.mp4
dm05,500001,right,1,1,True,True,right,False,,0.05003625154495239,0.13074620069258053,0.3963666223809402,dm05/arm_select/arm_select_ep500001_1.mp4
dm05,500002,left,0,0,True,False,,False,,0.0,0.17307801424468439,0.39848576165330507,dm05/arm_select/arm_select_ep500002_0.mp4
dm05,500003,right,0,0,True,False,,False,,1.1920928955078125e-07,0.190487163731962,0.49314448136775546,dm05/arm_select/arm_select_ep500003_0.mp4
dm05,500004,left,1,1,True,True,left,False,,0.050054967403411865,0.13126206248303127,0.4477399917639536,dm05/arm_select/arm_select_ep500004_1.mp4
dm05,500005,right,0,0,False,False,left,True,212,7.104873657226562e-05,0.37893541584485724,0.1809797000858136,dm05/arm_select/arm_select_ep500005_0.mp4
dm05,500006,left,0,0,False,False,,False,,2.384185791015625e-07,0.22487510460495216,0.39209770968079577,dm05/arm_select/arm_select_ep500006_0.mp4
dm05,500007,right,1,1,True,True,right,False,,0.05003565549850464,0.13165185650096708,0.4052790228251424,dm05/arm_select/arm_select_ep500007_1.mp4
dm05,500008,left,0,0,True,False,,False,,0.0,0.19275318218041246,0.41592210734224855,dm05/arm_select/arm_select_ep500008_0.mp4
dm05,500009,right,1,1,True,True,right,False,,0.0501134991645813,0.13088516094804822,0.40905349726925117,dm05/arm_select/arm_select_ep500009_1.mp4
dm05,500010,left,1,1,True,True,left,False,,0.050110578536987305,0.15617776778283254,0.42186884072665803,dm05/arm_select/arm_select_ep500010_1.mp4
dm05,500011,right,0,0,False,False,,False,,-1.1920928955078125e-07,0.37468530704548536,0.3917712195751452,dm05/arm_select/arm_select_ep500011_0.mp4
dm05,500012,left,0,0,False,False,,False,,-1.1920928955078125e-07,0.25422204148994837,0.4436186422308902,dm05/arm_select/arm_select_ep500012_0.mp4
dm05,500013,right,1,1,True,True,right,False,,0.050057172775268555,0.1304831944758838,0.40277664242447103,dm05/arm_select/arm_select_ep500013_1.mp4
dm05,500014,left,0,0,False,False,right,True,79,3.5762786865234375e-07,0.3280897504598778,0.24681879473216092,dm05/arm_select/arm_select_ep500014_0.mp4
dm05,500015,right,1,1,True,True,right,False,,0.05006831884384155,0.13064216290900288,0.4331564184940891,dm05/arm_select/arm_select_ep500015_1.mp4
dm05,500016,left,1,1,True,True,left,False,,0.05003553628921509,0.13528164027593234,0.42762751435532037,dm05/arm_select/arm_select_ep500016_1.mp4
dm05,500017,right,1,1,True,True,right,False,,0.050065696239471436,0.1330230783869813,0.3921054643214267,dm05/arm_select/arm_select_ep500017_1.mp4
dm05,500018,left,1,1,True,True,left,False,,0.05004948377609253,0.13091122894205826,0.42886150356811953,dm05/arm_select/arm_select_ep500018_1.mp4
dm05,500019,right,1,1,True,True,right,False,,0.05001801252365112,0.13214296531955103,0.41000772589390005,dm05/arm_select/arm_select_ep500019_1.mp4
dm05,500020,left,0,0,True,False,,False,,0.0,0.18961649239066355,0.39673771969187993,dm05/arm_select/arm_select_ep500020_0.mp4
dm05,500021,right,1,1,True,True,right,False,,0.05000978708267212,0.131089781724728,0.41009165971414124,dm05/arm_select/arm_select_ep500021_1.mp4
dm05,500022,left,1,1,True,True,left,False,,0.05001312494277954,0.13096795795459812,0.44340348588045875,dm05/arm_select/arm_select_ep500022_1.mp4
dm05,500023,right,1,1,True,True,right,False,,0.0500221848487854,0.0974058904454061,0.39866921783293313,dm05/arm_select/arm_select_ep500023_1.mp4
dm05,500024,left,1,1,True,True,left,False,,0.050038814544677734,0.1334629686386579,0.43452167566532796,dm05/arm_select/arm_select_ep500024_1.mp4
dm05,500025,right,1,1,True,True,right,False,,0.05006951093673706,0.13685086050735404,0.4014187289057236,dm05/arm_select/arm_select_ep500025_1.mp4
dm05,500026,left,0,0,False,False,,False,,5.960464477539063e-08,0.20471343712537649,0.6798697442365347,dm05/arm_select/arm_select_ep500026_0.mp4
dm05,500027,right,1,1,True,True,right,False,,0.05009573698043823,0.13055828172562348,0.4334889089404725,dm05/arm_select/arm_select_ep500027_1.mp4
dm05,500028,left,1,1,True,True,left,False,,0.050158798694610596,0.13075806385830216,0.43395599586042477,dm05/arm_select/arm_select_ep500028_1.mp4
dm05,500029,right,1,1,True,True,right,False,,0.050038695335388184,0.13128954544894547,0.3894275032249515,dm05/arm_select/arm_select_ep500029_1.mp4
dm05,500030,left,0,0,True,False,,False,,2.384185791015625e-07,0.16900103202244238,0.42815080381038567,dm05/arm_select/arm_select_ep500030_0.mp4
dm05,500031,right,1,1,True,True,right,False,,0.05004316568374634,0.13080426596042277,0.41575350579012055,dm05/arm_select/arm_select_ep500031_1.mp4
dm05,500032,left,0,0,False,False,,False,,-5.960464477539063e-08,0.2657603664689739,0.42602973400230326,dm05/arm_select/arm_select_ep500032_0.mp4
dm05,500033,right,1,1,True,True,right,False,,0.050035715103149414,0.13256949701349413,0.415032027925471,dm05/arm_select/arm_select_ep500033_1.mp4
dm05,500034,left,1,1,True,True,left,False,,0.05016571283340454,0.13098490949785668,0.45340603352697434,dm05/arm_select/arm_select_ep500034_1.mp4
dm05,500035,right,0,0,True,False,,False,,-1.1920928955078125e-07,0.18057859338767684,0.400181624752713,dm05/arm_select/arm_select_ep500035_0.mp4
dm05,500036,left,0,0,True,False,,False,,-6.556510925292969e-07,0.17160113602704338,0.3639573493688206,dm05/arm_select/arm_select_ep500036_0.mp4
dm05,500037,right,1,1,True,True,right,False,,0.05011928081512451,0.13090149052037295,0.40068068979503757,dm05/arm_select/arm_select_ep500037_1.mp4
dm05,500038,left,0,0,False,False,,False,,0.0,0.21235068205401783,0.3648951259095959,dm05/arm_select/arm_select_ep500038_0.mp4
dm05,500039,right,1,1,True,True,right,False,,0.05003458261489868,0.13078444274513196,0.4110100726959613,dm05/arm_select/arm_select_ep500039_1.mp4
hy_vla,500000,left,1,0,False,False,,False,,5.960464477539063e-08,0.20876165384163925,0.4831693010829949,hy_vla/arm_select/arm_select_ep500000_0.mp4
hy_vla,500001,right,0,0,False,False,,False,,2.384185791015625e-07,0.42039186171406256,0.20388892041305262,hy_vla/arm_select/arm_select_ep500001_0.mp4
hy_vla,500002,left,0,0,False,False,right,True,31,-1.1920928955078125e-07,0.3874876162836308,0.19884798413187355,hy_vla/arm_select/arm_select_ep500002_0.mp4
hy_vla,500003,right,1,1,True,True,right,False,,0.050013840198516846,0.13412866629416212,0.42960161898951016,hy_vla/arm_select/arm_select_ep500003_1.mp4
hy_vla,500004,left,1,1,True,True,left,False,,0.05021345615386963,0.1356884626210316,0.45044929639393616,hy_vla/arm_select/arm_select_ep500004_1.mp4
hy_vla,500005,right,0,0,False,False,left,True,31,1.1920928955078125e-07,0.5008331475036499,0.2301557356933356,hy_vla/arm_select/arm_select_ep500005_0.mp4
hy_vla,500006,left,0,0,False,False,right,True,143,0.0,0.3846435760731264,0.2395504518563095,hy_vla/arm_select/arm_select_ep500006_0.mp4
hy_vla,500007,right,1,0,False,False,,False,,-1.1920928955078125e-07,0.24957859954136066,0.5150985306691653,hy_vla/arm_select/arm_select_ep500007_0.mp4
hy_vla,500008,left,0,0,False,False,right,True,32,0.019269227981567383,0.378399025189105,0.14121254328069135,hy_vla/arm_select/arm_select_ep500008_0.mp4
hy_vla,500009,right,1,1,True,True,right,False,,0.05035078525543213,0.13333117816859713,0.42292566692031935,hy_vla/arm_select/arm_select_ep500009_1.mp4
hy_vla,500010,left,1,1,True,True,left,False,,0.05030059814453125,0.13610684231188075,0.44412477237672454,hy_vla/arm_select/arm_select_ep500010_1.mp4
hy_vla,500011,right,0,0,False,False,left,True,31,3.5762786865234375e-07,0.5274410942385545,0.17119085691603694,hy_vla/arm_select/arm_select_ep500011_0.mp4
hy_vla,500012,left,0,0,False,False,right,True,32,1.7881393432617188e-07,0.3794644784979574,0.22828269091331968,hy_vla/arm_select/arm_select_ep500012_0.mp4
hy_vla,500013,right,1,1,True,True,right,False,,0.050088465213775635,0.137316402308993,0.4133504434505332,hy_vla/arm_select/arm_select_ep500013_1.mp4
hy_vla,500014,left,0,0,False,False,right,True,31,4.172325134277344e-07,0.38108661338130606,0.2322322464624555,hy_vla/arm_select/arm_select_ep500014_0.mp4
hy_vla,500015,right,1,1,True,True,right,False,,0.050045013427734375,0.1331797030572081,0.433011716577855,hy_vla/arm_select/arm_select_ep500015_1.mp4
hy_vla,500016,left,1,1,True,True,left,False,,0.05007350444793701,0.13462993379091137,0.43821986391699863,hy_vla/arm_select/arm_select_ep500016_1.mp4
hy_vla,500017,right,0,0,False,False,left,True,31,6.872415542602539e-05,0.4153875383187443,0.181212399199591,hy_vla/arm_select/arm_select_ep500017_0.mp4
hy_vla,500018,left,0,0,False,False,right,True,33,0.0,0.3775307482420612,0.1950749388961628,hy_vla/arm_select/arm_select_ep500018_0.mp4
hy_vla,500019,right,1,1,True,True,right,False,,0.05014634132385254,0.13475589004659808,0.4191430584077267,hy_vla/arm_select/arm_select_ep500019_1.mp4
hy_vla,500020,left,0,0,False,False,right,True,32,0.0,0.38637960493020385,0.17637517916262066,hy_vla/arm_select/arm_select_ep500020_0.mp4
hy_vla,500021,right,1,1,True,True,right,False,,0.050232887268066406,0.13124229756886704,0.424750807259805,hy_vla/arm_select/arm_select_ep500021_1.mp4
hy_vla,500022,left,1,1,True,True,left,False,,0.05000495910644531,0.1349862511621108,0.4450504030853994,hy_vla/arm_select/arm_select_ep500022_1.mp4
hy_vla,500023,right,0,0,False,False,left,True,31,-5.960464477539063e-08,0.4892242580679141,0.17804167903065574,hy_vla/arm_select/arm_select_ep500023_0.mp4
hy_vla,500024,left,0,0,True,False,,False,,-1.1920928955078125e-07,0.19280021143952097,0.42712570819921813,hy_vla/arm_select/arm_select_ep500024_0.mp4
hy_vla,500025,right,0,0,False,False,,False,,1.1920928955078125e-07,0.3816184006691413,0.23348336829436583,hy_vla/arm_select/arm_select_ep500025_0.mp4
hy_vla,500026,left,0,0,False,False,right,True,32,2.384185791015625e-07,0.2894154264069467,0.43737926413740996,hy_vla/arm_select/arm_select_ep500026_0.mp4
hy_vla,500027,right,1,1,True,True,right,False,,0.050037503242492676,0.1341127869737792,0.4366889875009437,hy_vla/arm_select/arm_select_ep500027_1.mp4
hy_vla,500028,left,1,1,True,True,left,False,,0.0501980185508728,0.1365538913442336,0.4417476622467046,hy_vla/arm_select/arm_select_ep500028_1.mp4
hy_vla,500029,right,0,0,False,False,,False,,1.7881393432617188e-07,0.4923719331222545,0.2325708679141592,hy_vla/arm_select/arm_select_ep500029_0.mp4
hy_vla,500030,left,0,0,False,False,right,True,32,5.960464477539063e-08,0.38174546508142176,0.2268304646145542,hy_vla/arm_select/arm_select_ep500030_0.mp4
hy_vla,500031,right,1,1,True,True,right,False,,0.05023014545440674,0.13605521044421123,0.4142529173072143,hy_vla/arm_select/arm_select_ep500031_1.mp4
hy_vla,500032,left,0,0,False,False,right,True,33,0.0,0.3904080194417659,0.2406208961259302,hy_vla/arm_select/arm_select_ep500032_0.mp4
hy_vla,500033,right,1,1,True,True,right,False,,0.05023527145385742,0.13508922462126136,0.42517455185494585,hy_vla/arm_select/arm_select_ep500033_1.mp4
hy_vla,500034,left,1,1,True,True,left,False,,0.050373375415802,0.1336729943056027,0.453347582993192,hy_vla/arm_select/arm_select_ep500034_1.mp4
hy_vla,500035,right,0,0,False,False,left,True,31,4.172325134277344e-07,0.51848903933264,0.17566749523914624,hy_vla/arm_select/arm_select_ep500035_0.mp4
hy_vla,500036,left,0,0,True,False,right,True,32,5.960464477539063e-08,0.14739473313958829,0.5197157743744393,hy_vla/arm_select/arm_select_ep500036_0.mp4
hy_vla,500037,right,1,1,True,True,right,False,,0.05000507831573486,0.13635249133791869,0.4147367393370558,hy_vla/arm_select/arm_select_ep500037_1.mp4
hy_vla,500038,left,0,0,False,False,right,True,32,0.0,0.3728917471012275,0.20239328760599506,hy_vla/arm_select/arm_select_ep500038_0.mp4
hy_vla,500039,right,1,1,True,True,right,False,,0.05014955997467041,0.13349078812551224,0.4201452326752198,hy_vla/arm_select/arm_select_ep500039_1.mp4
